English (en),Anger,Fear,Joy,Sadness,
abandon,0,1,0,1,0
abandoned,1,1,0,1,0
abandonment,1,1,0,1,0
abduction,0,1,0,1,0
abhor,1,1,0,0,0
abhorrent,1,1,0,0,0
abolish,1,0,0,0,0
abominable,0,1,0,0,0
abomination,1,1,0,0,0
abortion,0,1,0,1,0
abortive,0,0,0,1,0
abscess,0,0,0,1,0
absence,0,1,0,1,0
absent,0,0,0,1,0
absentee,0,0,0,1,0
absolution,0,0,1,0,0
abundance,0,0,1,0,0
abundant,0,0,1,0,0
abuse,1,1,0,1,0
abysmal,0,0,0,1,0
abyss,0,1,0,1,0
accident,0,1,0,1,0
accidental,0,1,0,0,0
accolade,0,0,1,0,0
accompaniment,0,0,1,0,0
accomplish,0,0,1,0,0
accomplished,0,0,1,0,0
accursed,1,1,0,1,0
accusation,1,0,0,0,0
accused,1,1,0,0,0
accuser,1,1,0,0,0
accusing,1,1,0,0,0
ache,0,0,0,1,0
achieve,0,0,1,0,0
achievement,0,0,1,0,0
aching,0,0,0,1,0
acrobat,0,1,1,0,0
actionable,1,0,0,0,0
adder,1,1,0,1,0
adjudicate,0,1,0,0,0
admirable,0,0,1,0,0
admiration,0,0,1,0,0
admonition,0,1,0,0,0
adorable,0,0,1,0,0
adoration,0,0,1,0,0
adore,0,0,1,0,0
adrift,0,1,0,1,0
adultery,0,0,0,1,0
advance,0,1,1,0,0
advent,0,0,1,0,0
adversary,1,0,0,0,0
adverse,1,1,0,1,0
adversity,1,1,0,1,0
advocacy,1,0,1,0,0
aesthetics,0,0,1,0,0
affection,0,0,1,0,0
afflict,0,1,0,1,0
affliction,0,1,0,1,0
affluence,0,0,1,0,0
affront,1,1,0,1,0
afraid,0,1,0,0,0
aftermath,1,1,0,1,0
aga,0,1,0,0,0
aggravated,1,0,0,0,0
aggravating,1,0,0,1,0
aggravation,1,0,0,0,0
aggression,1,1,0,0,0
aggressive,1,1,0,0,0
aggressor,1,1,0,0,0
aghast,0,1,0,0,0
agitated,1,0,0,0,0
agitation,1,0,0,0,0
agonizing,0,1,0,0,0
agony,1,1,0,1,0
ail,0,0,0,1,0
ailing,0,1,0,1,0
alarm,0,1,0,0,0
alarming,0,1,0,0,0
alcoholism,1,1,0,1,0
alertness,0,1,0,0,0
alerts,0,1,0,0,0
alien,0,1,0,0,0
alienate,1,0,0,0,0
alienated,0,0,0,1,0
alienation,1,1,0,1,0
alive,0,0,1,0,0
allegation,1,0,0,0,0
allure,0,0,1,0,0
aloha,0,0,1,0,0
altercation,1,0,0,0,0
amazingly,0,0,1,0,0
ambition,0,0,1,0,0
ambulance,0,1,0,0,0
ambush,1,1,0,0,0
amen,0,0,1,0,0
amicable,0,0,1,0,0
amnesty,0,0,1,0,0
amour,0,0,1,0,0
amuse,0,0,1,0,0
amused,0,0,1,0,0
amusement,0,0,1,0,0
amusing,0,0,1,0,0
anaconda,0,1,0,0,0
anarchism,1,1,0,0,0
anarchist,1,1,0,0,0
anarchy,1,1,0,0,0
anathema,1,1,0,1,0
anchorage,0,0,0,1,0
angel,0,0,1,0,0
angelic,0,0,1,0,0
anger,1,0,0,0,0
angina,0,1,0,0,0
angry,1,0,0,0,0
anguish,1,1,0,1,0
animated,0,0,1,0,0
animosity,1,1,0,1,0
animus,1,0,0,0,0
annihilate,1,1,0,0,0
annihilated,1,1,0,1,0
annihilation,1,1,0,1,0
annoy,1,0,0,0,0
annoyance,1,0,0,0,0
annoying,1,0,0,0,0
annulment,0,0,0,1,0
anomaly,0,1,0,0,0
antagonism,1,0,0,0,0
antagonist,1,0,0,0,0
antagonistic,1,0,0,0,0
anthrax,0,1,0,1,0
antichrist,1,1,0,0,0
antipathy,1,0,0,0,0
antisocial,1,1,0,1,0
antithesis,1,0,0,0,0
anxiety,1,1,0,1,0
anxious,0,1,0,0,0
apache,0,1,0,0,0
apathetic,0,0,0,1,0
apathy,0,0,0,1,0
apologize,0,0,0,1,0
appalling,0,1,0,0,0
apparition,0,1,0,0,0
appendicitis,0,1,0,1,0
applause,0,0,1,0,0
appreciation,0,0,1,0,0
apprehend,0,1,0,0,0
apprehension,0,1,0,0,0
apprehensive,0,1,0,0,0
approve,0,0,1,0,0
ardent,0,0,1,0,0
argue,1,0,0,0,0
argument,1,0,0,0,0
argumentation,1,0,0,0,0
arguments,1,0,0,0,0
arid,0,0,0,1,0
armament,1,1,0,0,0
armaments,0,1,0,0,0
armed,1,1,0,0,0
armor,0,1,0,0,0
armored,0,1,0,0,0
arraignment,1,1,0,1,0
arrogant,1,0,0,0,0
arsenic,0,1,0,1,0
arson,1,1,0,0,0
art,0,0,1,1,0
artillery,0,1,0,0,0
ashamed,0,0,0,1,0
ashes,0,0,0,1,0
asp,0,1,0,0,0
aspiration,0,0,1,0,0
aspire,0,0,1,0,0
aspiring,0,0,1,0,0
assail,1,1,0,0,0
assailant,1,1,0,1,0
assassin,1,1,0,1,0
assassinate,1,1,0,0,0
assassination,1,1,0,1,0
assault,1,1,0,0,0
asshole,1,0,0,0,0
astonishment,0,0,1,0,0
astray,0,1,0,0,0
asylum,0,1,0,0,0
atherosclerosis,0,1,0,1,0
atone,0,0,1,0,0
atrocious,1,0,0,0,0
atrocity,1,1,0,1,0
atrophy,0,1,0,1,0
attack,1,1,0,0,0
attacking,1,1,0,1,0
attenuation,0,0,0,1,0
attorney,1,1,0,0,0
auditor,0,1,0,0,0
auspicious,0,0,1,0,0
austere,0,1,0,1,0
authentic,0,0,1,0,0
autopsy,0,1,0,1,0
avalanche,0,1,0,1,0
avarice,1,0,0,0,0
avenger,1,0,0,0,0
averse,1,1,0,0,0
aversion,1,1,0,0,0
avoid,0,1,0,0,0
avoidance,0,1,0,0,0
avoiding,0,1,0,0,0
award,0,0,1,0,0
awful,1,1,0,1,0
baby,0,0,1,0,0
backbone,1,0,0,0,0
backwater,0,0,0,1,0
bacteria,0,1,0,1,0
bacterium,0,1,0,0,0
bad,1,1,0,1,0
badger,1,0,0,0,0
badly,0,0,0,1,0
badness,1,1,0,0,0
bailiff,0,1,0,0,0
bait,0,1,0,0,0
bale,0,1,0,0,0
balm,0,0,1,0,0
bane,1,1,0,0,0
bang,1,1,0,1,0
banger,1,1,0,0,0
banish,1,1,0,1,0
banished,1,1,0,1,0
banishment,1,0,0,1,0
bankrupt,0,1,0,1,0
bankruptcy,1,1,0,1,0
banquet,0,0,1,0,0
banshee,1,1,0,1,0
baptismal,0,0,1,0,0
barb,1,0,0,0,0
barbarian,0,1,0,0,0
barbaric,1,1,0,0,0
bark,1,0,0,0,0
barren,0,0,0,1,0
barricade,0,1,0,0,0
barrier,1,0,0,0,0
basketball,0,0,1,0,0
bastard,0,0,0,1,0
bastion,1,0,0,0,0
battalion,1,0,0,0,0
batter,1,1,0,0,0
battered,0,1,0,1,0
battery,1,0,0,0,0
battle,1,0,0,0,0
battled,1,1,0,1,0
battlefield,0,1,0,0,0
bayonet,1,1,0,0,0
beach,0,0,1,0,0
beam,0,0,1,0,0
beaming,0,0,1,0,0
bear,1,1,0,0,0
bearish,1,1,0,0,0
beast,1,1,0,0,0
beastly,0,1,0,0,0
beating,1,1,0,1,0
beautification,0,0,1,0,0
beautiful,0,0,1,0,0
beautify,0,0,1,0,0
beauty,0,0,1,0,0
bee,1,1,0,0,0
beer,0,0,1,0,0
befriend,0,0,1,0,0
beg,0,0,0,1,0
beggar,0,0,0,1,0
behemoth,0,1,0,0,0
belittle,1,1,0,1,0
belligerent,1,1,0,0,0
bellows,1,0,0,0,0
belt,1,1,0,0,0
benevolence,0,0,1,0,0
benign,0,0,1,0,0
bereaved,0,0,0,1,0
bereavement,0,0,0,1,0
berserk,1,0,0,0,0
bestial,0,1,0,0,0
betray,1,0,0,1,0
betrayal,1,0,0,1,0
betrothed,0,0,1,0,0
beware,0,1,0,0,0
bewildered,0,1,0,0,0
bewilderment,0,1,0,0,0
bias,1,0,0,0,0
bickering,1,0,0,0,0
bier,0,1,0,1,0
bigot,1,1,0,0,0
bigoted,1,1,0,1,0
bile,1,0,0,0,0
biopsy,0,1,0,0,0
birch,1,1,0,0,0
birth,0,1,1,0,0
birthday,0,0,1,0,0
birthplace,1,0,0,0,0
bitch,1,1,0,1,0
bitterly,1,0,0,1,0
bitterness,1,0,0,1,0
black,0,0,0,1,0
blackmail,1,1,0,0,0
blackness,0,1,0,1,0
blame,1,0,0,0,0
blasphemous,1,0,0,0,0
blasphemy,1,0,0,0,0
blast,1,1,0,0,0
blatant,1,0,0,0,0
blaze,1,0,0,0,0
bleak,0,0,0,1,0
bleeding,0,1,0,1,0
blemish,1,1,0,1,0
bless,0,0,1,0,0
blessed,0,0,1,0,0
blessing,0,0,1,0,0
blessings,0,0,1,0,0
blight,0,1,0,1,0
blighted,0,0,0,1,0
blindfold,0,1,0,0,0
blindly,0,0,0,1,0
blindness,0,0,0,1,0
bliss,0,0,1,0,0
blissful,0,0,1,0,0
blob,0,1,0,0,0
blockade,1,1,0,1,0
bloodshed,1,1,0,1,0
bloodthirsty,1,1,0,0,0
bloody,1,1,0,1,0
bloom,0,0,1,0,0
blossom,0,0,1,0,0
blue,0,0,0,1,0
blues,0,1,0,1,0
blunder,0,0,0,1,0
bogus,1,0,0,0,0
boisterous,1,0,1,0,0
bomb,1,1,0,1,0
bombard,1,1,0,0,0
bombardment,1,1,0,0,0
bomber,0,1,0,1,0
bonanza,0,0,1,0,0
bondage,0,1,0,1,0
bonus,0,0,1,0,0
boredom,0,0,0,1,0
bothering,1,0,0,1,0
bottom,0,0,0,1,0
bottomless,0,1,0,0,0
bountiful,0,0,1,0,0
bounty,0,0,1,0,0
bouquet,0,0,1,0,0
bout,1,0,0,0,0
boxing,1,0,0,0,0
brawl,1,1,0,0,0
brazen,1,0,0,0,0
breakup,0,0,0,1,0
bridal,0,0,1,0,0
bride,0,0,1,0,0
bridegroom,0,0,1,0,0
bridesmaid,0,0,1,0,0
brigade,0,1,0,0,0
brighten,0,0,1,0,0
brilliant,0,0,1,0,0
brimstone,1,1,0,0,0
broil,1,0,0,0,0
broke,0,1,0,1,0
broken,1,1,0,1,0
brotherly,0,0,1,0,0
brunt,1,0,0,0,0
brutal,1,1,0,0,0
brutality,1,1,0,0,0
brute,1,1,0,1,0
buck,0,1,0,0,0
buddy,0,0,1,0,0
buffet,1,0,0,0,0
bug,0,1,0,0,0
bugaboo,1,1,0,1,0
bully,1,1,0,0,0
bum,0,0,0,1,0
bummer,1,0,0,0,0
bunker,0,1,0,0,0
burdensome,0,1,0,1,0
burglar,0,1,0,0,0
burial,1,1,0,1,0
buried,0,1,0,1,0
burke,1,1,0,1,0
bury,0,0,0,1,0
buss,0,0,1,0,0
busted,1,1,0,0,0
butcher,1,1,0,0,0
buzz,0,1,0,0,0
cabal,0,1,0,0,0
cacophony,1,0,0,0,0
cad,1,0,0,0,0
cadaver,0,1,0,1,0
cage,0,0,0,1,0
calamity,0,0,0,1,0
calf,0,0,1,0,0
callous,1,0,0,0,0
campaigning,1,1,0,0,0
cancel,0,0,0,1,0
cancer,1,1,0,1,0
candid,0,0,1,0,0
cane,1,1,0,0,0
canker,1,0,0,0,0
cannibal,0,1,0,0,0
cannon,1,1,0,0,0
captivate,0,0,1,0,0
captive,0,1,0,1,0
captivity,0,0,0,1,0
captor,0,1,0,0,0
carcass,0,1,0,1,0
carcinoma,0,1,0,1,0
cardiomyopathy,0,1,0,1,0
carelessness,1,0,0,0,0
carnage,1,1,0,1,0
carnivorous,0,1,0,0,0
carol,0,0,1,0,0
cartridge,0,1,0,0,0
case,0,1,0,1,0
cash,1,1,1,0,0
casket,0,1,0,1,0
casualty,1,1,0,1,0
cataract,0,1,0,1,0
catastrophe,1,1,0,1,0
cathedral,0,0,1,0,0
caution,1,1,0,0,0
cautionary,0,1,0,0,0
cautious,0,1,0,0,0
cautiously,0,1,0,0,0
celebrated,0,0,1,0,0
celebrating,0,0,1,0,0
celebration,0,0,1,0,0
celebrity,1,0,1,0,0
celestial,0,0,1,0,0
cemetery,0,1,0,1,0
censor,1,1,0,0,0
ceremony,0,0,1,0,0
chaff,1,1,0,0,0
chagrin,0,0,0,1,0
challenge,1,1,0,0,0
champion,0,0,1,0,0
change,0,1,0,0,0
chant,1,0,1,0,0
chaos,1,1,0,1,0
chaotic,1,0,0,0,0
chargeable,0,1,0,1,0
charitable,0,0,1,0,0
charity,0,0,1,0,0
charmed,0,0,1,0,0
chasm,0,1,0,0,0
cheat,1,0,0,0,0
cheer,0,0,1,0,0
cheerful,0,0,1,0,0
cheerfulness,0,0,1,0,0
cheering,0,0,1,0,0
cheery,0,0,1,0,0
cherish,0,0,1,0,0
chicken,0,1,0,0,0
child,0,0,1,0,0
childhood,0,0,1,0,0
chimera,0,1,0,0,0
chirp,0,0,1,0,0
chocolate,0,0,1,0,0
choir,0,0,1,0,0
choke,1,0,0,1,0
cholera,0,1,0,1,0
choral,0,0,1,0,0
chronic,0,0,0,1,0
chuckle,0,0,1,0,0
church,0,0,1,0,0
civilized,0,0,1,0,0
claimant,1,0,0,0,0
clamor,1,0,0,0,0
clap,0,0,1,0,0
clash,1,0,0,0,0
clashing,1,1,0,0,0
classics,0,0,1,0,0
claw,1,1,0,0,0
clean,0,0,1,0,0
cleave,0,1,0,0,0
cliff,0,1,0,0,0
climax,0,0,1,0,0
closeness,0,0,1,0,0
closure,0,0,1,1,0
clouded,0,0,0,1,0
cloudiness,0,1,0,0,0
cloudy,0,0,0,1,0
clown,0,0,1,0,0
cobra,0,1,0,0,0
cocaine,0,0,0,1,0
coerce,1,1,0,0,0
coercion,1,1,0,1,0
coffin,0,1,0,1,0
coldness,1,1,0,1,0
collapse,0,1,0,1,0
collision,1,0,0,0,0
collusion,1,1,0,1,0
coma,0,1,0,1,0
comatose,0,1,0,1,0
combat,1,1,0,0,0
combatant,1,1,0,0,0
combative,1,1,0,0,0
comfort,0,0,1,0,0
commemorate,0,0,1,1,0
commemoration,0,0,1,0,0
commendable,0,0,1,0,0
committal,0,0,0,1,0
commotion,1,0,0,0,0
communion,0,0,1,0,0
communism,1,1,0,1,0
companion,0,0,1,0,0
compassion,0,1,0,0,0
compensate,0,0,1,0,0
complain,1,0,0,1,0
complaint,1,0,0,0,0
complement,0,0,1,0,0
completing,0,0,1,0,0
completion,0,0,1,0,0
complicate,1,0,0,0,0
compliment,0,0,1,0,0
compress,1,0,0,0,0
compulsion,1,0,0,0,0
conceal,0,0,0,1,0
concealed,0,1,0,0,0
concealment,1,1,0,0,0
concerned,0,1,0,1,0
conciliation,0,0,1,0,0
concussion,1,0,0,1,0
condemn,1,0,0,0,0
condemnation,1,1,0,1,0
condescension,1,0,0,1,0
condolence,0,0,0,1,0
confession,0,1,0,1,0
confessional,0,1,0,0,0
confidence,0,1,1,0,0
confident,0,0,1,0,0
confine,1,1,0,1,0
confined,1,1,0,1,0
confinement,1,1,0,1,0
confiscate,1,0,0,1,0
conflagration,1,1,0,0,0
conflict,1,1,0,1,0
confront,1,0,0,0,0
confusion,1,1,0,0,0
congratulatory,0,0,1,0,0
connoisseur,0,0,1,0,0
conquest,1,1,0,0,0
consecration,0,0,1,1,0
console,0,0,0,1,0
conspiracy,0,1,0,0,0
conspirator,1,1,0,0,0
conspire,0,1,0,0,0
consternation,1,1,0,0,0
constrain,0,1,0,0,0
constraint,1,1,0,1,0
contagion,0,1,0,0,0
contagious,0,1,0,0,0
contaminated,0,1,0,1,0
contempt,1,1,0,0,0
contemptible,1,0,0,0,0
contemptuous,1,0,0,0,0
content,0,0,1,0,0
contentious,1,1,0,0,0
contraband,1,1,0,0,0
contradict,1,0,0,0,0
controversial,1,0,0,0,0
convict,1,1,0,1,0
coop,1,0,0,0,0
cop,0,1,0,0,0
copycat,1,0,0,0,0
coronation,0,0,1,0,0
corpse,0,0,0,1,0
corrosive,0,1,0,0,0
corrupting,1,1,0,1,0
corse,0,0,0,1,0
couch,0,0,0,1,0
counsellor,1,1,0,0,0
coup,1,0,0,0,0
courageous,0,1,0,0,0
court,1,1,0,0,0
courtship,0,0,1,0,0
cove,0,1,1,0,0
coward,0,1,0,1,0
cowardice,0,1,0,0,0
cowardly,0,1,0,0,0
coy,0,1,0,0,0
coyote,0,1,0,0,0
crabby,1,0,0,0,0
cracked,1,1,0,0,0
cradle,0,0,1,0,0
cranky,1,0,0,0,0
crash,0,1,0,1,0
crazed,1,1,0,0,0
crazy,1,1,0,1,0
cream,0,0,1,0,0
create,0,0,1,0,0
creature,0,1,0,0,0
cremation,0,0,0,1,0
crescendo,0,0,1,0,0
crime,1,0,0,0,0
criminal,1,1,0,0,0
criminality,1,1,0,0,0
cringe,0,1,0,1,0
cripple,0,1,0,1,0
crippled,0,0,0,1,0
criticism,1,0,0,1,0
criticize,1,1,0,1,0
crocodile,0,1,0,0,0
cross,1,1,0,1,0
crouch,0,1,0,0,0
crouching,0,1,0,0,0
crowning,0,0,1,0,0
crucifixion,1,1,0,1,0
cruel,1,1,0,1,0
cruelly,1,1,0,0,0
cruelty,1,1,0,1,0
crumbling,0,0,0,1,0
crunch,1,0,0,0,0
crusade,1,1,0,0,0
crushed,1,1,0,1,0
crushing,1,1,0,0,0
cry,0,0,0,1,0
crying,0,0,0,1,0
crypt,0,1,0,1,0
cuddle,0,0,1,0,0
cult,0,1,0,0,0
cumbersome,0,0,0,1,0
cupping,0,1,0,1,0
cur,1,1,0,0,0
curse,1,1,0,1,0
cursed,1,1,0,1,0
cursing,1,0,0,0,0
cussed,1,0,0,0,0
cutter,0,1,0,0,0
cutthroat,1,1,0,0,0
cutting,1,1,0,1,0
cyanide,0,1,0,0,0
cyclone,0,1,0,0,0
cyst,0,1,0,1,0
cytomegalovirus,0,0,0,1,0
dabbling,1,0,0,0,0
daemon,1,1,0,1,0
dagger,0,1,0,0,0
damage,1,0,0,1,0
damages,0,0,0,1,0
dame,1,0,0,0,0
damn,1,0,0,0,0
damnation,1,1,0,1,0
dance,0,0,1,0,0
danger,0,1,0,1,0
dangerous,0,1,0,0,0
dark,0,0,0,1,0
darken,0,1,0,1,0
darkened,0,1,0,1,0
darkness,1,1,0,1,0
darling,0,0,1,0,0
dart,0,1,0,0,0
dashed,1,1,0,1,0
dastardly,1,1,0,0,0
daughter,0,0,1,0,0
dawn,0,0,1,0,0
deadly,1,1,0,1,0
deal,0,0,1,0,0
death,1,1,0,1,0
debacle,0,1,0,1,0
debauchery,0,1,0,0,0
debt,0,0,0,1,0
decay,0,1,0,1,0
decayed,0,0,0,1,0
deceased,0,0,0,1,0
deceit,1,1,0,1,0
deceitful,0,0,0,1,0
deceive,1,0,0,1,0
deceived,1,0,0,0,0
decomposed,0,0,0,1,0
decomposition,0,1,0,1,0
decry,1,0,0,0,0
defamation,0,1,0,0,0
defamatory,1,0,0,0,0
default,0,1,0,1,0
defeated,0,0,0,1,0
defect,1,0,0,0,0
defection,0,1,0,0,0
defend,0,1,0,0,0
defendant,1,1,0,1,0
defense,1,1,0,0,0
defenseless,0,1,0,1,0
defiance,1,1,0,0,0
defiant,1,0,0,0,0
deflate,1,0,0,1,0
deflation,0,1,0,0,0
deformed,0,0,0,1,0
deformity,0,1,0,1,0
defraud,1,0,0,0,0
defunct,0,0,0,1,0
defy,1,1,0,1,0
degeneracy,1,0,0,1,0
degrading,0,1,0,1,0
delay,1,1,0,1,0
deleterious,1,1,0,0,0
delicious,0,0,1,0,0
delight,0,0,1,0,0
delighted,0,0,1,0,0
delightful,0,0,1,0,0
delinquent,1,0,0,0,0
delirious,0,0,0,1,0
delirium,0,0,0,1,0
deliverance,0,0,1,0,0
deluge,0,1,0,1,0
delusion,1,1,0,1,0
delusional,1,1,0,0,0
demand,1,0,0,0,0
demented,0,1,0,0,0
dementia,0,1,0,1,0
demise,0,1,0,1,0
demolish,1,0,0,1,0
demon,1,1,0,1,0
demonic,1,1,0,1,0
demonstrative,0,0,1,1,0
demoralized,0,1,0,1,0
denied,0,0,0,1,0
denounce,1,0,0,0,0
dentistry,0,1,0,0,0
denunciation,1,1,0,0,0
deny,1,0,0,0,0
depart,0,0,0,1,0
departed,0,0,0,1,0
departure,0,0,0,1,0
dependence,0,1,0,1,0
deplorable,1,1,0,1,0
deplore,1,0,0,1,0
deport,0,1,0,1,0
deportation,1,1,0,1,0
depraved,1,1,0,1,0
depravity,1,0,0,0,0
depreciate,1,0,0,0,0
depreciated,1,1,0,1,0
depreciation,0,1,0,0,0
depress,0,1,0,1,0
depressed,1,1,0,1,0
depressing,0,0,0,1,0
depression,0,0,0,1,0
depressive,0,0,0,1,0
deprivation,1,1,0,1,0
deranged,1,1,0,0,0
derision,1,0,0,0,0
derogation,1,1,0,1,0
derogatory,1,1,0,1,0
descent,0,1,0,1,0
desecration,1,1,0,1,0
desert,1,1,0,1,0
deserted,1,1,0,1,0
deserve,1,0,0,0,0
desist,1,0,0,0,0
desolation,0,1,0,1,0
despair,1,1,0,1,0
despairing,0,1,0,1,0
despicable,1,0,0,0,0
despise,1,0,0,0,0
despotic,0,1,0,0,0
despotism,1,1,0,1,0
destination,0,1,1,1,0
destitute,0,1,0,1,0
destroyed,1,1,0,1,0
destroyer,1,1,0,0,0
destroying,1,1,0,1,0
destruction,1,0,0,0,0
destructive,1,1,0,0,0
detainee,1,1,0,1,0
detention,0,0,0,1,0
deteriorate,0,1,0,1,0
deteriorated,0,0,0,1,0
deterioration,1,1,0,1,0
detest,1,0,0,0,0
detonate,0,1,0,0,0
detonation,1,0,0,0,0
detract,1,0,0,0,0
devastate,1,1,0,1,0
devastating,1,1,0,1,0
devastation,1,1,0,1,0
deviation,0,0,0,1,0
devil,1,1,0,1,0
devilish,0,1,0,0,0
devout,0,0,1,0,0
diabolical,1,1,0,0,0
diagnosis,0,1,0,0,0
diamond,0,0,1,0,0
diary,0,0,1,0,0
diatribe,1,0,0,0,0
dictator,0,1,0,0,0
dictatorial,1,0,0,0,0
dictatorship,1,1,0,1,0
die,0,1,0,1,0
difficult,0,1,0,0,0
difficulties,0,0,0,1,0
difficulty,1,1,0,1,0
dike,0,1,0,0,0
dilapidated,0,0,0,1,0
diminish,0,0,0,1,0
dinosaur,0,1,0,0,0
dire,0,1,0,1,0
disability,0,0,0,1,0
disable,0,1,0,1,0
disabled,0,1,0,1,0
disagree,1,0,0,0,0
disagreeing,1,0,0,1,0
disagreement,1,0,0,1,0
disallowed,1,1,0,1,0
disappear,0,1,0,0,0
disappoint,1,0,0,1,0
disappointed,1,0,0,1,0
disappointing,0,0,0,1,0
disappointment,0,0,0,1,0
disapproval,0,0,0,1,0
disapprove,1,1,0,1,0
disapproved,1,0,0,1,0
disapproving,1,0,0,1,0
disaster,1,1,0,1,0
disastrous,1,1,0,1,0
discipline,0,1,0,0,0
disclaim,1,0,0,0,0
discolored,0,0,0,1,0
discomfort,0,0,0,1,0
disconnect,0,0,0,1,0
disconnected,0,0,0,1,0
discontent,1,1,0,1,0
discontinuity,0,1,0,1,0
discord,1,0,0,0,0
discourage,0,1,0,1,0
discriminate,1,0,0,1,0
discrimination,1,1,0,1,0
disdain,1,0,0,0,0
disease,1,1,0,1,0
diseased,0,1,0,1,0
disembodied,0,1,0,1,0
disfigured,1,1,0,1,0
disgrace,1,0,0,1,0
disgraced,1,0,0,1,0
disgraceful,1,0,0,0,0
disgruntled,1,0,0,1,0
disgust,1,1,0,1,0
disgusting,1,1,0,0,0
disheartened,0,0,0,1,0
disheartening,0,0,0,1,0
dishonest,1,0,0,1,0
dishonor,1,1,0,1,0
disillusionment,1,0,0,1,0
disinformation,1,1,0,0,0
disintegrate,0,1,0,0,0
dislike,1,0,0,0,0
disliked,1,0,0,1,0
dislocated,1,1,0,1,0
dismal,0,1,0,1,0
dismay,1,1,0,1,0
dismemberment,0,1,0,1,0
dismissal,1,1,0,1,0
disobedience,1,0,0,0,0
disobedient,1,0,0,0,0
disobey,1,0,0,0,0
disorder,0,1,0,0,0
disparage,1,0,0,1,0
disparaging,1,0,0,1,0
disparity,1,0,0,1,0
dispassionate,0,0,0,1,0
dispel,0,0,0,1,0
displaced,1,1,0,1,0
displeased,1,1,0,1,0
dispossessed,1,1,0,1,0
dispute,1,0,0,0,0
disqualified,1,0,0,1,0
disqualify,0,0,0,1,0
disreputable,1,1,0,0,0
disrespect,1,0,0,0,0
disrespectful,1,1,0,1,0
disruption,1,1,0,0,0
dissension,1,0,0,0,0
disservice,1,0,0,1,0
dissident,1,1,0,0,0
dissolution,1,1,0,1,0
dissonance,1,0,0,0,0
distracted,1,0,0,0,0
distracting,1,0,0,0,0
distraught,0,0,0,1,0
distress,1,1,0,1,0
distressed,0,1,0,0,0
distressing,1,1,0,0,0
distrust,1,1,0,0,0
disturbance,1,1,0,1,0
disturbed,1,0,0,1,0
disused,1,0,0,0,0
ditty,0,0,1,0,0
divorce,1,1,0,1,0
doldrums,0,0,0,1,0
dole,0,0,0,1,0
doll,0,0,1,0,0
dolor,0,0,0,1,0
dolphin,0,0,1,0,0
dominant,0,1,0,0,0
dominate,1,1,0,0,0
domination,1,1,0,1,0
dominion,0,1,0,0,0
doom,0,1,0,0,0
doomed,0,1,0,1,0
doomsday,1,1,0,1,0
doubt,0,1,0,1,0
dove,0,0,1,0,0
downfall,0,1,0,1,0
drab,0,0,0,1,0
dragon,0,1,0,0,0
dread,0,1,0,0,0
dreadful,1,1,0,1,0
dreadfully,0,1,0,1,0
dreary,0,0,0,1,0
drown,0,1,0,1,0
drugged,0,0,0,1,0
dubious,0,1,0,0,0
duel,1,1,0,0,0
dull,0,0,0,1,0
dumps,1,0,0,1,0
dungeon,0,1,0,0,0
dupe,1,0,0,0,0
duplicity,1,0,0,0,0
duress,1,1,0,1,0
dwarfed,0,1,0,1,0
dying,1,1,0,1,0
dysentery,0,0,0,1,0
eager,0,0,1,0,0
eagerness,0,0,1,0,0
earthquake,1,1,0,1,0
ecstasy,0,0,1,0,0
ecstatic,0,0,1,0,0
edict,0,1,0,0,0
edification,0,0,1,0,0
eel,0,1,0,0,0
effigy,1,0,0,0,0
egregious,1,0,0,0,0
ejaculation,0,0,1,0,0
elated,0,0,1,0,0
elbow,1,0,0,0,0
electric,0,0,1,0,0
elegance,0,0,1,0,0
elegant,0,0,1,0,0
elevation,0,1,1,0,0
elf,1,1,0,0,0
elimination,1,1,0,1,0
elite,0,0,1,0,0
emaciated,0,1,0,1,0
emancipation,0,0,1,0,0
embarrass,0,0,0,1,0
embarrassment,0,1,0,1,0
embolism,0,1,0,1,0
embrace,0,0,1,0,0
emergency,0,1,0,1,0
emptiness,0,0,0,1,0
enchant,0,0,1,0,0
enchanted,0,0,1,0,0
enchanting,0,0,1,0,0
encourage,0,0,1,0,0
encroachment,0,1,0,0,0
encumbrance,1,1,0,1,0
endanger,0,1,0,0,0
endangered,0,1,0,0,0
endemic,0,1,0,1,0
endless,1,1,1,1,0
endocarditis,0,1,0,1,0
enemy,1,1,0,0,0
enforce,1,1,0,0,0
engaged,0,0,1,0,0
engaging,0,0,1,0,0
enigmatic,0,1,0,0,0
enjoy,0,0,1,0,0
enjoying,0,0,1,0,0
enlighten,0,0,1,0,0
enlightenment,0,0,1,0,0
enliven,0,0,1,0,0
enmity,1,1,0,1,0
enslaved,1,1,0,1,0
entangled,1,1,0,1,0
entertain,0,0,1,0,0
entertained,0,0,1,0,0
entertaining,0,0,1,0,0
entertainment,0,0,1,0,0
enthusiasm,0,0,1,0,0
enthusiast,0,0,1,0,0
epidemic,1,1,0,1,0
epitaph,0,0,0,1,0
equality,0,0,1,0,0
eradicate,1,0,0,0,0
eradication,1,1,0,0,0
erase,0,1,0,0,0
erotic,0,0,1,0,0
error,0,0,0,1,0
erupt,1,0,0,0,0
eruption,1,1,0,0,0
escalate,1,0,0,0,0
escape,0,1,0,0,0
escaped,0,1,0,0,0
eschew,1,0,0,1,0
established,0,0,1,0,0
esteem,0,0,1,1,0
ethereal,0,1,0,0,0
euthanasia,0,1,0,1,0
evacuate,0,1,0,0,0
evade,1,1,0,0,0
evanescence,0,0,0,1,0
evasion,0,1,0,1,0
eventuality,0,1,0,0,0
evergreen,0,0,1,0,0
evict,0,0,0,1,0
eviction,1,1,0,1,0
evil,1,1,0,1,0
exacerbation,1,1,0,0,0
exaggerate,1,0,0,0,0
exalt,0,0,1,0,0
exaltation,0,0,1,0,0
exalted,0,0,1,0,0
examination,0,1,0,0,0
exasperation,1,0,0,0,0
exceed,0,0,1,0,0
excel,0,0,1,0,0
excellence,0,0,1,0,0
excellent,0,0,1,0,0
excitation,1,1,1,0,0
excite,1,1,1,0,0
excited,0,0,1,0,0
excitement,0,0,1,0,0
exciting,0,0,1,0,0
excluded,0,0,0,1,0
excluding,0,0,0,1,0
exclusion,0,1,0,1,0
excruciating,0,1,0,0,0
execution,1,1,0,1,0
executioner,1,1,0,1,0
exhausted,0,0,0,1,0
exhaustion,0,0,0,1,0
exhilaration,0,0,1,0,0
exigent,0,1,0,0,0
exile,1,1,0,1,0
exorcism,0,1,0,1,0
expedient,0,0,1,0,0
expel,1,1,0,1,0
expire,0,0,0,1,0
expletive,1,0,0,0,0
explode,1,1,0,1,0
explosion,0,1,0,0,0
explosive,1,1,0,0,0
expose,0,1,0,0,0
expulsion,1,1,0,1,0
exquisite,0,0,1,0,0
exterminate,0,1,0,1,0
extermination,1,1,0,0,0
extinct,0,0,0,1,0
extinguish,1,0,0,0,0
extrajudicial,0,1,0,0,0
exuberance,0,0,1,0,0
failing,1,1,0,1,0
failure,0,1,0,1,0
fain,0,0,1,0,0
fainting,0,1,0,1,0
faith,0,0,1,0,0
faithless,0,0,0,1,0
fall,0,0,0,1,0
fallacious,1,0,0,0,0
falling,0,0,0,1,0
falsehood,1,0,0,0,0
falsification,1,0,0,0,0
falter,0,1,0,0,0
familiarity,0,0,1,0,0
famine,0,0,0,1,0
fanaticism,0,1,0,0,0
fancy,0,0,1,0,0
fanfare,0,0,1,0,0
fang,0,1,0,0,0
fangs,0,1,0,0,0
fasting,0,0,0,1,0
fat,0,0,0,1,0
fatal,1,1,0,1,0
fatality,0,1,0,1,0
fatigued,0,0,0,1,0
fatty,0,0,0,1,0
fault,0,0,0,1,0
favorable,0,0,1,0,0
favorite,0,0,1,0,0
fear,1,1,0,0,0
fearful,0,1,0,1,0
fearfully,0,1,0,1,0
fearing,0,1,0,0,0
fearless,0,1,0,0,0
feat,0,0,1,0,0
fee,1,0,0,0,0
feeble,0,0,0,1,0
feeling,1,1,1,1,0
felicity,0,0,1,0,0
fell,0,0,0,1,0
felon,0,1,0,0,0
fenced,1,0,0,0,0
ferocious,1,1,0,0,0
ferocity,1,0,0,0,0
fervor,1,0,1,0,0
festival,0,0,1,0,0
festive,0,0,1,0,0
fete,0,0,1,0,0
feud,1,0,0,0,0
feudalism,1,0,0,1,0
fever,0,1,0,0,0
fib,1,0,0,0,0
fidelity,0,0,1,0,0
fiend,1,1,0,0,0
fierce,1,1,0,0,0
fiesta,0,0,1,0,0
fight,1,1,0,0,0
fighting,1,0,0,0,0
finally,0,0,1,0,0
fire,0,1,0,0,0
firearms,1,1,0,0,0
firstborn,0,0,1,0,0
fits,1,0,0,0,0
fitting,0,0,1,0,0
flaccid,0,0,0,1,0
flagrant,1,0,0,0,0
flattering,0,0,1,0,0
flaw,0,0,0,1,0
fled,0,1,0,0,0
flee,0,1,0,0,0
fleece,1,0,0,1,0
flinch,0,1,0,1,0
flirt,0,0,1,0,0
flog,1,1,0,1,0
flood,0,1,0,0,0
flop,0,0,0,1,0
flounder,0,1,0,1,0
flu,0,1,0,0,0
fluctuation,1,1,0,0,0
flying,0,1,0,0,0
foe,1,1,0,0,0
fondness,0,0,1,0,0
food,0,0,1,0,0
football,0,0,1,0,0
foray,1,0,0,0,0
forbid,0,0,0,1,0
forbidding,1,1,0,0,0
force,1,1,0,0,0
forced,0,1,0,0,0
forcibly,1,1,0,0,0
forearm,1,0,0,0,0
foreboding,0,1,0,0,0
foreclose,0,1,0,1,0
forefathers,0,0,1,0,0
foreigner,0,1,0,0,0
forewarned,0,1,0,0,0
forfeit,1,0,0,1,0
forfeiture,0,1,0,1,0
forgotten,0,1,0,1,0
forlorn,0,0,0,1,0
formidable,0,1,0,0,0
forsake,0,0,0,1,0
forsaken,1,0,0,1,0
fortitude,0,0,1,0,0
fortress,0,1,0,1,0
fortune,0,0,1,0,0
foul,1,1,0,0,0
found,0,0,1,0,0
fragile,0,1,0,1,0
frailty,0,0,0,1,0
frantic,0,1,0,0,0
fraternal,0,0,1,0,0
fraud,1,0,0,0,0
fraudulent,1,0,0,0,0
fraught,0,1,0,1,0
frayed,0,0,0,1,0
freakish,0,1,0,0,0
freedom,0,0,1,0,0
freely,0,0,1,0,0
frenetic,1,1,0,0,0
frenzied,1,1,0,0,0
fret,0,1,0,0,0
friction,1,0,0,0,0
friend,0,0,1,0,0
friendliness,0,0,1,0,0
friendly,0,0,1,0,0
friendship,0,0,1,0,0
frigate,0,1,0,0,0
fright,0,1,0,0,0
frighten,0,1,0,1,0
frightened,0,1,0,0,0
frightful,1,1,0,1,0
frisky,0,0,1,0,0
frolic,0,0,1,0,0
frown,0,0,0,1,0
frowning,1,0,0,1,0
fruitless,0,0,0,1,0
frustrate,1,0,0,1,0
frustrated,1,0,0,0,0
frustration,1,0,0,0,0
fugitive,1,1,0,1,0
fulfill,0,0,1,0,0
fulfillment,0,0,1,0,0
fuming,1,0,0,0,0
fun,0,0,1,0,0
funeral,0,0,0,1,0
funk,0,0,0,1,0
furious,1,0,0,0,0
furiously,1,0,0,0,0
furnace,1,0,0,0,0
furor,1,0,0,0,0
furrow,0,0,0,1,0
fury,1,1,0,1,0
fuss,1,0,0,1,0
futile,0,0,0,1,0
gain,0,0,1,0,0
gall,1,0,0,0,0
gallows,1,1,0,1,0
gang,1,1,0,0,0
garden,0,0,1,0,0
gash,0,1,0,0,0
gasping,0,1,0,0,0
gem,0,0,1,0,0
generosity,0,0,1,0,0
generous,0,0,1,0,0
genial,0,0,1,0,0
gent,1,1,0,0,0
geriatric,0,0,0,1,0
ghastly,0,1,0,0,0
ghetto,0,1,0,1,0
ghost,0,1,0,0,0
ghostly,0,1,0,0,0
giant,0,1,0,0,0
gibberish,1,0,0,0,0
gift,0,0,1,0,0
giggle,0,0,1,0,0
glad,0,0,1,0,0
gladiator,0,1,0,0,0
gladness,0,0,1,0,0
glare,1,1,0,0,0
glaring,1,0,0,0,0
glee,0,0,1,0,0
glide,0,0,1,0,0
glimmer,0,0,1,0,0
glitter,0,0,1,0,0
gloom,0,0,0,1,0
gloomy,0,0,0,1,0
glorification,0,0,1,0,0
glorify,0,0,1,0,0
glory,0,0,1,0,0
glow,0,0,1,0,0
glum,0,0,0,1,0
gnome,1,1,0,0,0
goblin,0,1,0,0,0
god,0,1,1,0,0
godless,1,0,0,0,0
godly,0,0,1,0,0
godsend,0,0,1,0,0
gonorrhea,1,1,0,1,0
good,0,0,1,0,0
goodness,0,0,1,0,0
gore,1,1,0,1,0
gorgeous,0,0,1,0,0
gory,1,1,0,1,0
government,0,1,0,0,0
grab,1,0,0,0,0
graduation,0,1,1,0,0
grandchildren,0,0,1,0,0
grant,0,0,1,0,0
grated,1,0,0,0,0
gratify,0,0,1,0,0
grating,1,0,0,0,0
gratitude,0,0,1,0,0
grave,0,1,0,1,0
gray,0,0,0,1,0
greatness,0,0,1,0,0
greed,1,0,0,0,0
green,0,0,1,0,0
grenade,0,1,0,0,0
grief,0,0,0,1,0
grievance,1,0,0,1,0
grieve,0,1,0,1,0
grievous,1,1,0,1,0
grim,1,1,0,1,0
grin,0,0,1,0,0
grisly,0,1,0,0,0
grizzly,0,1,0,0,0
groan,0,0,0,1,0
grope,1,1,0,0,0
grounded,0,1,0,1,0
grow,0,0,1,0,0
growl,1,1,0,0,0
growling,1,1,0,0,0
grudge,1,0,0,0,0
gruff,1,0,0,0,0
grumble,1,0,0,0,0
grumpy,1,0,0,1,0
guard,0,1,0,0,0
guerilla,0,1,0,0,0
guillotine,1,1,0,1,0
guilt,0,0,0,1,0
guilty,1,0,0,1,0
gullible,0,0,0,1,0
gulp,0,1,0,0,0
gun,1,1,0,0,0
gunpowder,0,1,0,0,0
gush,0,0,1,0,0
hag,0,1,0,0,0
haggard,0,0,0,1,0
hallucination,0,1,0,0,0
halter,1,1,0,1,0
halting,0,1,0,1,0
hamstring,1,0,0,1,0
handicap,0,0,0,1,0
hanging,1,1,0,1,0
hangman,0,1,0,0,0
happily,0,0,1,0,0
happiness,0,0,1,0,0
happy,0,0,1,0,0
harass,1,0,0,0,0
harassing,1,0,0,0,0
harbinger,1,1,0,0,0
hardened,1,1,0,0,0
hardship,0,0,0,1,0
hardy,0,0,1,0,0
harm,0,1,0,0,0
harmful,1,1,0,1,0
harmoniously,0,0,1,0,0
harmony,0,0,1,0,0
harrowing,0,1,0,0,0
harry,1,0,0,1,0
harshness,1,1,0,0,0
harvest,0,0,1,0,0
hate,1,1,0,1,0
hateful,1,1,0,1,0
hating,1,0,0,0,0
hatred,1,1,0,1,0
haughty,1,0,0,0,0
haunt,0,1,0,0,0
haunted,0,1,0,1,0
havoc,1,1,0,0,0
hawk,0,1,0,0,0
hazard,0,1,0,0,0
hazardous,0,1,0,0,0
haze,0,1,0,0,0
heal,0,0,1,0,0
healing,0,0,1,0,0
healthful,0,0,1,0,0
hearing,0,1,0,0,0
hearse,0,1,0,1,0
heartache,0,0,0,1,0
heartfelt,0,0,1,1,0
heartily,0,0,1,0,0
heartless,0,0,0,1,0
heathen,0,1,0,0,0
heavenly,0,0,1,0,0
heavens,0,0,1,0,0
hedonism,0,0,1,0,0
heft,0,1,0,0,0
heighten,0,1,0,0,0
hell,1,1,0,1,0
hellish,1,1,0,1,0
helmet,0,1,0,0,0
helpful,0,0,1,0,0
helpless,0,1,0,1,0
helplessness,0,1,0,1,0
hemorrhage,0,1,0,1,0
hermit,0,0,0,1,0
hero,0,0,1,0,0
heroic,0,0,1,0,0
heroism,0,0,1,0,0
hesitation,0,1,0,0,0
heyday,0,0,1,0,0
hide,0,1,0,0,0
hideous,0,1,0,1,0
hiding,0,1,0,0,0
highest,0,1,1,0,0
hilarious,0,0,1,0,0
hilarity,0,0,1,0,0
hindering,0,0,0,1,0
hire,0,0,1,0,0
hiss,1,1,0,0,0
hit,1,0,0,0,0
hoary,0,0,0,1,0
hoax,1,0,0,1,0
hobby,0,0,1,0,0
hobo,0,0,0,1,0
holiday,0,0,1,0,0
holiness,0,1,1,0,0
hollow,0,0,0,1,0
holocaust,1,1,0,1,0
homeless,1,1,0,1,0
homesick,0,0,0,1,0
homework,0,1,0,0,0
homicidal,1,1,0,0,0
homicide,1,1,0,1,0
honest,1,1,1,1,0
honeymoon,0,0,1,0,0
hood,1,1,0,0,0
hooded,0,1,0,0,0
hoot,1,0,0,0,0
hope,0,0,1,0,0
hopeful,0,0,1,0,0
hopeless,0,1,0,1,0
hopelessness,1,1,0,1,0
horrible,1,1,0,0,0
horrid,1,1,0,1,0
horrific,1,1,0,1,0
horrified,0,1,0,0,0
horrifying,0,1,0,1,0
horror,1,1,0,1,0
horrors,0,1,0,1,0
hospice,0,0,0,1,0
hospital,0,1,0,1,0
hostage,1,1,0,0,0
hostile,1,1,0,0,0
hostilities,1,1,0,0,0
hostility,1,0,0,0,0
hot,1,0,0,0,0
howl,1,1,0,1,0
huff,1,0,0,0,0
hug,0,0,1,0,0
humanitarian,0,0,1,0,0
humanity,0,0,1,0,0
humble,0,0,0,1,0
humbled,0,0,0,1,0
humbug,1,0,0,1,0
humiliate,1,0,0,1,0
humiliation,0,0,0,1,0
humorous,0,0,1,0,0
hunter,0,1,0,1,0
hunting,1,1,0,0,0
hurrah,0,0,1,0,0
hurricane,0,1,0,0,0
hurt,1,1,0,1,0
hurtful,1,1,0,1,0
hurting,1,1,0,1,0
hut,0,0,0,1,0
hydra,0,1,0,0,0
hydrocephalus,0,1,0,1,0
hymn,0,0,1,1,0
hypertrophy,0,1,0,0,0
hysteria,0,1,0,0,0
hysterical,1,1,0,0,0
idiocy,1,0,0,1,0
idiotic,1,0,0,0,0
idolatry,0,1,0,0,0
ill,1,1,0,1,0
illegal,1,1,0,1,0
illegality,1,1,0,0,0
illegitimate,1,1,0,1,0
illicit,1,1,0,0,0
illness,0,1,0,1,0
illuminate,0,0,1,0,0
illumination,0,0,1,0,0
immaculate,0,0,1,0,0
immaturity,1,0,0,0,0
immerse,0,1,1,0,0
immigrant,0,1,0,0,0
imminent,0,1,0,0,0
immoral,1,1,0,1,0
immorality,1,0,0,0,0
impeach,0,1,0,0,0
impending,0,1,0,0,0
impermeable,1,1,0,0,0
implicate,1,0,0,0,0
impossible,0,0,0,1,0
impotence,1,1,0,1,0
imprisoned,1,1,0,1,0
imprisonment,1,1,0,1,0
improve,0,0,1,0,0
improvement,0,0,1,0,0
imprudent,0,0,0,1,0
inability,0,0,0,1,0
inadequate,0,0,0,1,0
inadmissible,1,0,0,0,0
inappropriate,1,0,0,1,0
inattention,1,0,0,0,0
inauguration,0,0,1,0,0
incarceration,1,1,0,1,0
incase,1,1,0,1,0
incendiary,1,1,0,0,0
incense,1,0,0,0,0
incest,1,1,0,1,0
incite,1,1,0,0,0
income,0,0,1,1,0
incompatible,1,0,0,1,0
incompetent,1,0,0,1,0
incongruous,1,0,0,0,0
inconsequential,0,0,0,1,0
inconsiderate,1,0,0,1,0
inconvenient,1,0,0,1,0
incredulous,1,0,0,0,0
incrimination,0,1,0,1,0
incubus,0,1,0,0,0
incurable,1,1,0,1,0
incursion,0,1,0,0,0
indecency,1,0,0,0,0
indefensible,0,1,0,0,0
indenture,1,0,0,0,0
independence,0,0,1,0,0
indict,1,1,0,0,0
indictment,0,1,0,0,0
indifference,1,1,0,1,0
indigent,0,0,0,1,0
indignant,1,0,0,0,0
indignation,1,0,0,0,0
indoctrination,1,1,0,0,0
indomitable,0,1,0,0,0
inefficiency,0,0,0,1,0
inefficient,0,0,0,1,0
inept,1,0,0,0,0
ineptitude,0,1,0,1,0
inequality,1,1,0,1,0
inexcusable,1,0,0,1,0
infamous,1,1,0,0,0
infamy,0,0,0,1,0
infant,0,1,1,0,0
infanticide,1,1,0,1,0
infantile,1,0,0,0,0
infarct,0,1,0,0,0
infection,0,1,0,0,0
infectious,0,1,0,1,0
inferior,0,0,0,1,0
inferno,1,1,0,0,0
infertility,0,0,0,1,0
infestation,0,1,0,0,0
infidel,1,1,0,0,0
infidelity,1,1,0,1,0
infinity,0,0,1,0,0
infirmity,0,1,0,0,0
inflation,0,1,0,0,0
inflict,1,1,0,1,0
infliction,0,1,0,1,0
infraction,1,0,0,0,0
inheritance,0,0,1,0,0
inhibit,1,0,0,1,0
inhospitable,0,0,0,1,0
inhuman,1,1,0,1,0
inhumanity,0,0,0,1,0
inimical,1,0,0,1,0
injection,0,1,0,0,0
injure,1,1,0,1,0
injured,0,1,0,1,0
injurious,1,1,0,1,0
injury,1,1,0,1,0
injustice,1,0,0,0,0
inmate,0,1,0,0,0
inoperative,1,0,0,0,0
insane,1,1,0,0,0
insanity,1,1,0,1,0
insecure,1,1,0,1,0
insecurity,0,1,0,0,0
inseparable,0,0,1,0,0
insidious,1,1,0,0,0
insignificant,1,0,0,1,0
insolvency,0,1,0,1,0
insolvent,0,1,0,1,0
inspiration,0,0,1,0,0
inspire,0,0,1,0,0
inspired,0,0,1,0,0
instability,0,1,0,0,0
instinctive,1,1,0,0,0
insufficiency,1,0,0,0,0
insult,1,0,0,1,0
insulting,1,1,0,1,0
insurmountable,0,1,0,1,0
insurrection,1,0,0,0,0
intelligence,0,1,1,0,0
intense,1,1,1,0,0
inter,0,0,0,1,0
intercede,0,1,0,1,0
interested,0,0,0,1,0
interment,0,0,0,1,0
interminable,1,0,0,0,0
interrogate,0,1,0,0,0
interrogation,0,1,0,0,0
interrupt,1,0,0,0,0
interrupted,0,0,0,1,0
intervention,0,0,0,1,0
interviewer,0,1,0,0,0
intimate,0,0,1,0,0
intimately,0,1,1,0,0
intimidate,0,1,0,0,0
intimidation,1,1,0,0,0
intolerable,1,0,0,0,0
intolerance,1,1,0,0,0
intolerant,1,1,0,1,0
intractable,1,0,0,0,0
intrigue,0,1,0,0,0
intruder,1,1,0,0,0
intrusion,0,1,0,0,0
intrusive,1,1,0,0,0
invade,1,1,0,1,0
invader,1,1,0,1,0
invalid,0,0,0,1,0
invasion,1,0,0,0,0
invite,0,0,1,0,0
inviting,0,0,1,0,0
involution,1,0,0,0,0
involvement,1,0,0,0,0
irate,1,0,0,0,0
ire,1,0,0,0,0
iris,0,1,0,0,0
irrational,0,1,0,0,0
irreconcilable,1,1,0,1,0
irreparable,0,1,0,1,0
irritability,1,0,0,0,0
irritable,1,0,0,0,0
irritating,1,0,0,0,0
irritation,1,0,0,1,0
isolate,0,0,0,1,0
isolated,0,1,0,1,0
isolation,0,0,0,1,0
jab,1,0,0,0,0
jackpot,0,0,1,0,0
jail,0,1,0,1,0
jarring,0,1,0,1,0
jaundice,0,1,0,0,0
jaws,0,1,0,0,0
jealous,1,0,0,0,0
jealousy,1,1,0,1,0
jeopardize,1,1,0,0,0
jeopardy,0,1,0,0,0
jerk,1,0,0,0,0
jest,0,0,1,0,0
joker,0,0,1,0,0
journey,0,1,1,0,0
jovial,0,0,1,0,0
joy,0,0,1,0,0
joyful,0,0,1,0,0
joyous,0,0,1,0,0
jubilant,0,0,1,0,0
jubilee,0,0,1,0,0
jump,0,0,1,0,0
jungle,0,1,0,0,0
jurisprudence,0,0,0,1,0
kennel,0,0,0,1,0
kerosene,0,1,0,0,0
khan,0,1,0,0,0
kick,1,0,0,0,0
kicking,1,0,0,0,0
kidnap,1,1,0,1,0
kill,0,1,0,1,0
killing,1,1,0,1,0
kind,0,0,1,0,0
kindred,0,0,1,0,0
kiss,0,0,1,0,0
kitten,0,0,1,0,0
knell,0,1,0,1,0
kudos,0,0,1,0,0
labor,0,0,1,0,0
labored,0,0,0,1,0
lace,1,1,0,1,0
lagging,1,0,0,1,0
lamb,0,0,1,0,0
lament,0,1,0,1,0
lamenting,0,0,0,1,0
landslide,0,1,0,1,0
languishing,0,1,0,1,0
lash,1,1,0,0,0
late,0,0,0,1,0
latent,1,0,0,0,0
laugh,0,0,1,0,0
laughing,0,0,1,0,0
laughter,0,0,1,0,0
laurels,0,0,1,0,0
lava,1,1,0,0,0
lawlessness,1,1,0,0,0
lawsuit,1,1,0,1,0
lawyer,1,1,0,0,0
lax,0,0,0,1,0
laxative,0,1,0,0,0
leave,0,0,0,1,0
leeches,0,1,0,0,0
legalized,1,1,1,0,0
leisure,0,0,1,0,0
leprosy,0,1,0,1,0
lesbian,0,0,0,1,0
lethal,0,1,0,1,0
lethargy,0,0,0,1,0
leukemia,1,1,0,1,0
libel,1,1,0,0,0
liberate,1,0,1,0,0
liberation,0,0,1,0,0
liberty,0,0,1,0,0
lie,1,0,0,1,0
lifeless,0,1,0,1,0
lightning,1,1,0,0,0
liking,0,0,1,0,0
limited,1,0,0,1,0
lines,0,1,0,0,0
lion,0,1,0,0,0
liquor,1,0,1,1,0
listless,0,0,0,1,0
litigate,1,1,0,1,0
litigious,1,0,0,0,0
livid,1,0,0,0,0
loath,1,0,0,0,0
loathe,1,0,0,0,0
loathsome,1,0,0,0,0
lockup,0,1,0,1,0
locust,0,1,0,0,0
lone,0,0,0,1,0
loneliness,0,1,0,1,0
lonely,1,1,0,1,0
lonesome,0,0,0,1,0
longing,0,0,0,1,0
loom,0,1,0,0,0
lose,1,1,0,1,0
losing,1,0,0,1,0
loss,1,1,0,1,0
lost,0,0,0,1,0
loudness,1,0,0,0,0
lovable,0,0,1,0,0
love,0,0,1,0,0
lovely,0,0,1,1,0
lovemaking,0,0,1,0,0
lover,0,0,1,0,0
loving,0,0,1,0,0
lower,0,0,0,1,0
lowest,0,0,0,1,0
lowly,0,0,0,1,0
loyal,0,1,1,0,0
luck,0,0,1,0,0
lucky,0,0,1,0,0
lunacy,1,1,0,1,0
lunatic,1,1,0,0,0
luscious,0,0,1,0,0
lush,0,0,0,1,0
luster,0,0,1,0,0
luxurious,0,0,1,0,0
luxury,0,0,1,0,0
lying,1,0,0,0,0
lynch,1,1,0,1,0
lyre,0,0,1,0,0
lyrical,0,0,1,0,0
mace,0,1,0,0,0
mad,1,1,0,1,0
madden,1,1,0,0,0
madman,1,1,0,0,0
madness,1,1,0,0,0
mafia,0,1,0,0,0
mage,0,1,0,0,0
magical,0,0,1,0,0
magnificence,0,0,1,0,0
magnificent,0,0,1,0,0
majestic,0,0,1,0,0
majority,0,0,1,0,0
malaise,0,0,0,1,0
malaria,0,1,0,1,0
malevolent,1,1,0,1,0
malice,1,1,0,0,0
malicious,1,1,0,1,0
malign,1,0,0,0,0
malignancy,0,1,0,1,0
malignant,1,1,0,0,0
malpractice,1,0,0,0,0
mandamus,0,1,0,0,0
mange,0,1,0,0,0
mangle,1,1,0,1,0
maniac,1,1,0,0,0
manifestation,0,1,0,0,0
manipulation,1,1,0,0,0
manslaughter,1,1,0,1,0
margin,0,0,0,1,0
marriage,0,0,1,0,0
marrow,0,0,1,0,0
marry,0,1,1,0,0
martial,1,0,0,0,0
martyr,0,1,0,1,0
martyrdom,0,1,0,1,0
marvelous,0,0,1,0,0
marvelously,0,0,1,0,0
masochism,1,1,0,0,0
massacre,1,1,0,1,0
massage,0,0,1,0,0
masterpiece,0,0,1,0,0
mastery,1,0,1,0,0
matrimony,0,0,1,0,0
mausoleum,0,0,0,1,0
meaningless,0,0,0,1,0
measles,0,1,0,1,0
medal,0,0,1,0,0
meddle,1,0,0,0,0
medical,0,1,0,0,0
meditate,0,0,1,0,0
meek,0,0,0,1,0
melancholic,0,0,0,1,0
melancholy,0,0,0,1,0
melee,0,1,0,0,0
melodrama,1,0,0,1,0
meltdown,0,0,0,1,0
memorable,0,0,1,0,0
memorials,0,0,0,1,0
menace,1,1,0,0,0
menacing,1,1,0,0,0
mercenary,0,1,0,0,0
merciless,0,1,0,0,0
meritorious,0,0,1,0,0
merriment,0,0,1,0,0
merry,0,0,1,0,0
midwife,0,0,1,0,0
mighty,1,1,1,0,0
military,0,1,0,0,0
militia,1,1,0,1,0
ministry,0,0,1,0,0
miracle,0,0,1,0,0
miraculous,0,0,1,0,0
mirth,0,0,1,0,0
misbehavior,1,0,0,0,0
miscarriage,0,1,0,1,0
misconception,1,1,0,0,0
miserable,1,0,0,1,0
miserably,0,0,0,1,0
misery,1,1,0,1,0
misfortune,0,1,0,1,0
mishap,0,1,0,1,0
mislead,1,1,0,0,0
misleading,1,0,0,0,0
misplace,1,0,0,0,0
misrepresentation,0,0,0,1,0
misrepresented,1,0,0,0,0
missile,0,1,0,0,0
missing,0,1,0,1,0
misstatement,1,0,0,0,0
mistake,0,0,0,1,0
mistaken,0,1,0,0,0
mistress,1,0,0,0,0
mistrust,0,1,0,0,0
misunderstanding,1,0,0,1,0
moan,0,1,0,1,0
mob,1,1,0,0,0
mocking,1,0,0,1,0
molestation,1,1,0,1,0
money,1,0,1,0,0
monsoon,0,0,0,1,0
monster,0,1,0,0,0
monstrosity,1,1,0,0,0
moody,1,0,0,1,0
moral,1,0,0,0,0
morals,1,0,1,0,0
morbid,0,0,0,1,0
morbidity,1,1,0,1,0
morgue,0,1,0,1,0
moribund,0,0,0,1,0
mortality,1,1,0,1,0
mortgage,0,1,0,0,0
mortgagor,0,1,0,0,0
mortification,0,1,0,1,0
mortuary,0,1,0,1,0
mosque,1,0,0,0,0
mosquito,1,0,0,0,0
mother,0,0,1,1,0
motherhood,0,0,1,0,0
mourn,0,0,0,1,0
mournful,1,1,0,1,0
mourning,0,0,0,1,0
muff,1,0,0,0,0
mug,1,1,0,1,0
mule,1,0,0,0,0
mum,0,1,0,0,0
murder,1,1,0,1,0
murderer,1,1,0,1,0
murderous,1,1,0,1,0
murky,0,0,0,1,0
music,0,0,1,1,0
musical,1,0,1,1,0
musket,0,1,0,0,0
mutilation,1,1,0,1,0
mutiny,1,1,0,0,0
mutter,1,0,0,0,0
muzzle,0,1,0,0,0
myopia,1,0,0,1,0
mysterious,0,1,0,0,0
nag,1,0,0,0,0
nap,0,0,1,0,0
napkin,0,0,0,1,0
nasty,1,1,0,1,0
nauseous,0,0,0,1,0
necessity,0,0,0,1,0
nefarious,0,1,0,1,0
negation,1,0,0,0,0
negative,0,0,0,1,0
neglected,1,0,0,1,0
negro,0,0,0,1,0
nepotism,1,0,0,1,0
nervous,0,1,0,0,0
nervousness,0,1,0,0,0
nether,1,1,0,1,0
nettle,1,0,0,0,0
neuralgia,0,1,0,1,0
neurosis,0,1,0,1,0
neurotic,0,1,0,0,0
newcomer,0,1,0,0,0
nightmare,0,1,0,0,0
noisy,1,0,0,0,0
noncompliance,1,1,0,1,0
nonsensical,0,0,0,1,0
noose,0,0,0,1,0
notable,0,0,1,0,0
nothingness,0,0,0,1,0
notoriety,1,1,0,0,0
noxious,0,1,0,0,0
nuisance,1,0,0,0,0
numbness,0,0,0,1,0
nursery,0,0,1,0,0
nurture,1,1,1,0,0
nutritious,0,0,0,1,0
oasis,0,0,1,0,0
obesity,0,0,0,1,0
obey,0,1,0,0,0
obi,0,1,0,0,0
obit,0,0,0,1,0
obituary,0,0,0,1,0
objection,1,0,0,0,0
obliging,1,1,1,0,0
obligor,0,1,0,0,0
obliterate,1,1,0,1,0
obliterated,1,1,0,0,0
obliteration,0,1,0,1,0
oblivion,1,1,0,0,0
obnoxious,1,0,0,1,0
obscenity,1,0,0,0,0
obstacle,1,1,0,1,0
obstruct,1,1,0,0,0
obstructive,1,0,0,0,0
obtainable,0,0,1,0,0
occult,0,1,0,0,0
oddity,0,0,0,1,0
odious,1,1,0,0,0
offend,1,0,0,0,0
offended,1,0,0,1,0
offender,1,1,0,1,0
offense,1,1,0,1,0
offensive,1,0,0,0,0
ogre,0,1,0,0,0
older,0,0,0,1,0
omen,0,1,0,0,0
ominous,0,1,0,0,0
omnipotence,0,1,0,0,0
onerous,1,0,0,1,0
opera,1,1,1,1,0
operation,0,1,0,0,0
opinionated,1,0,0,0,0
opium,1,1,0,1,0
opponent,1,1,0,0,0
opportune,0,0,1,0,0
opposed,1,1,0,0,0
opposition,1,0,0,0,0
oppress,1,1,0,1,0
oppression,1,1,0,1,0
oppressive,1,1,0,1,0
oppressor,1,1,0,1,0
optimism,0,0,1,0,0
orc,1,1,0,0,0
orchestra,1,0,1,1,0
ordeal,1,0,0,0,0
ordination,0,0,1,0,0
ordnance,0,1,0,0,0
organ,0,0,1,0,0
organization,0,0,1,0,0
orgasm,0,0,1,0,0
orphan,0,1,0,1,0
oust,1,0,0,1,0
outburst,1,1,1,1,0
outcast,0,1,0,1,0
outcry,1,1,0,0,0
outpost,0,1,0,0,0
outrage,1,0,0,0,0
outsider,0,1,0,0,0
outstanding,0,0,1,0,0
ovation,0,0,0,1,0
overbearing,1,0,0,0,0
overdue,0,0,0,1,0
overjoyed,0,0,1,0,0
overload,0,0,0,1,0
overpowering,1,1,0,0,0
overpriced,1,0,0,1,0
overt,0,1,0,0,0
overthrow,0,1,0,0,0
overwhelmed,0,0,0,1,0
owing,1,1,0,1,0
pain,0,1,0,1,0
pained,0,1,0,1,0
painful,1,1,0,1,0
painfully,0,0,0,1,0
palsy,0,1,0,1,0
pandemic,0,1,0,1,0
panic,0,1,0,0,0
parachute,0,1,0,0,0
parade,0,1,1,0,0
paragon,0,0,1,0,0
paralysis,1,1,0,1,0
paralyzed,1,1,0,1,0
paranoia,0,1,0,0,0
parasite,0,1,0,0,0
pare,1,1,0,1,0
parting,0,0,0,1,0
passion,0,0,1,0,0
passionate,0,0,1,0,0
pastor,0,0,1,0,0
pastry,0,0,1,0,0
pathetic,0,0,0,1,0
patter,1,0,0,0,0
paucity,1,0,0,1,0
pauper,0,0,0,1,0
pay,0,0,1,0,0
payback,1,0,0,0,0
peace,0,0,1,0,0
peaceful,0,0,1,0,0
penal,0,1,0,1,0
penalty,1,1,0,1,0
penance,0,1,0,1,0
penetration,1,1,0,0,0
penitentiary,1,0,0,0,0
pensive,0,0,0,1,0
perdition,1,1,0,1,0
perfect,0,0,1,0,0
perfection,0,0,1,0,0
peril,0,1,0,1,0
perilous,0,1,0,1,0
perish,0,1,0,1,0
perished,0,0,0,1,0
perishing,0,1,0,1,0
perjury,0,1,0,0,0
pernicious,1,1,0,1,0
perpetrator,1,1,0,1,0
perplexity,0,0,0,1,0
persecute,1,1,0,0,0
persecution,1,1,0,1,0
perturbation,0,1,0,0,0
perverse,1,1,0,0,0
perversion,1,0,0,1,0
pervert,1,0,0,0,0
pessimism,1,1,0,1,0
pessimist,0,1,0,1,0
pest,1,1,0,0,0
pestilence,0,1,0,0,0
phalanx,0,1,0,0,0
phantom,0,1,0,0,0
phony,1,0,0,0,0
picket,1,1,0,0,0
picketing,1,0,0,0,0
picnic,0,0,1,0,0
picturesque,0,0,1,0,0
pillage,1,1,0,0,0
pine,0,0,0,1,0
pinion,0,1,0,0,0
pious,0,0,0,1,0
pique,1,0,0,0,0
pirate,1,0,0,0,0
pitfall,1,1,0,1,0
pity,0,0,0,1,0
plague,0,1,0,1,0
plaintive,0,0,0,1,0
playful,1,0,1,0,0
playground,0,0,1,0,0
playhouse,0,0,1,0,0
plea,0,1,0,1,0
pleasant,0,0,1,0,0
pleased,0,0,1,0,0
pleasurable,0,0,1,0,0
pledge,0,0,1,0,0
plight,0,1,0,1,0
plummet,0,1,0,0,0
plunder,1,1,0,1,0
plunge,0,1,0,0,0
pneumonia,0,1,0,0,0
poaching,1,1,0,1,0
pointless,0,0,0,1,0
poison,1,1,0,1,0
poisoned,1,1,0,1,0
poisonous,1,1,0,1,0
polemic,1,0,0,0,0
police,0,1,0,0,0
policeman,0,1,0,0,0
polio,0,1,0,1,0
politics,1,0,0,0,0
posse,0,1,0,0,0
possess,0,0,1,0,0
possessed,1,1,0,0,0
possession,1,1,0,0,0
posthumous,0,0,0,1,0
pound,1,0,0,0,0
poverty,1,1,0,1,0
pow,1,0,0,0,0
powerful,1,1,1,0,0
powerfully,0,1,0,0,0
powerless,1,1,0,1,0
practiced,0,0,1,0,0
praise,0,0,1,0,0
praised,0,0,1,0,0
praiseworthy,0,0,1,0,0
pray,0,1,1,0,0
precarious,0,1,0,1,0
precious,0,0,1,0,0
precipice,0,1,0,0,0
preclude,1,0,0,0,0
predicament,0,1,0,0,0
prejudice,1,0,0,0,0
prejudiced,0,1,0,0,0
prejudicial,1,0,0,0,0
premeditated,0,1,0,0,0
present,0,0,1,0,0
preservative,0,0,1,0,0
prestige,0,0,1,0,0
presto,0,0,1,0,0
presumptuous,1,0,0,0,0
pretending,1,0,0,0,0
pretty,0,0,1,0,0
prevail,0,0,1,0,0
prevent,0,1,0,0,0
prey,0,1,0,0,0
prick,1,1,0,0,0
pride,0,0,1,0,0
priesthood,0,0,1,1,0
princely,0,0,1,0,0
prison,1,1,0,1,0
prisoner,1,1,0,1,0
privileged,0,0,1,0,0
probation,0,1,0,1,0
problem,0,1,0,1,0
procedure,0,1,0,0,0
procession,0,0,1,1,0
profane,1,0,0,0,0
profanity,1,0,0,0,0
proficiency,0,0,1,0,0
prognosis,0,1,0,0,0
progress,0,0,1,0,0
progression,0,0,1,1,0
prohibited,1,1,0,0,0
projectile,0,1,0,0,0
projectiles,0,1,0,0,0
promise,0,0,1,0,0
prosecute,1,1,0,1,0
prosper,0,0,1,0,0
prosperous,0,0,1,0,0
prostitution,0,0,0,1,0
protestant,0,1,0,0,0
proud,0,0,1,0,0
providing,0,0,1,0,0
provocation,1,0,0,0,0
provoking,1,0,0,0,0
prowl,0,1,0,0,0
pry,1,0,0,0,0
psychosis,1,1,0,1,0
puma,0,1,0,0,0
punch,1,1,0,1,0
punish,0,1,0,0,0
punished,1,1,0,1,0
punishing,1,1,0,1,0
punishment,1,1,0,0,0
punitive,1,1,0,1,0
purgatory,0,1,0,0,0
purge,0,1,0,0,0
purify,0,0,1,0,0
purr,0,0,1,0,0
quail,0,1,0,0,0
quaint,0,0,1,0,0
quake,0,1,0,0,0
quandary,1,1,0,0,0
quarantine,0,1,0,0,0
quarrel,1,0,0,0,0
quash,0,1,0,0,0
quiet,0,0,0,1,0
quiver,0,1,0,0,0
quivering,0,1,0,0,0
rabble,1,1,0,0,0
rabid,1,1,0,1,0
rack,0,0,0,1,0
radiance,0,0,1,0,0
radiant,0,0,1,0,0
radiation,0,1,0,0,0
radioactive,0,1,0,0,0
radon,0,1,0,0,0
rage,1,0,0,0,0
raging,1,1,0,0,0
raid,1,1,0,0,0
rail,1,0,0,0,0
rainy,0,0,0,1,0
ram,1,0,0,0,0
rampage,1,1,0,0,0
ransom,1,1,0,0,0
rape,1,1,0,1,0
rapping,1,0,0,0,0
rapt,0,0,1,0,0
raptors,0,1,0,0,0
rapture,0,0,1,0,0
rascal,1,1,0,0,0
rat,0,1,0,0,0
rating,1,1,0,1,0
rattlesnake,0,1,0,0,0
rave,1,0,1,0,0
ravenous,1,1,0,1,0
ravine,0,1,0,0,0
raving,1,1,1,0,0
razor,0,1,0,0,0
react,1,1,0,0,0
readiness,0,0,1,0,0
rebel,1,1,0,0,0
rebellion,1,1,0,0,0
recalcitrant,1,0,0,0,0
receiving,0,0,1,0,0
recesses,0,1,0,0,0
recession,1,1,0,1,0
recidivism,1,0,0,1,0
reckless,1,1,0,0,0
recklessness,1,1,0,0,0
reconciliation,0,0,1,0,0
recreation,0,0,1,0,0
recreational,0,0,1,0,0
refugee,0,0,0,1,0
refused,0,0,0,1,0
refutation,0,1,0,0,0
regiment,0,1,0,0,0
regret,0,0,0,1,0
regrettable,0,0,0,1,0
regretted,0,0,0,1,0
regretting,0,0,0,1,0
regulatory,0,1,0,0,0
reject,1,1,0,1,0
rejection,1,1,0,1,0
rejects,1,1,0,1,0
rejoice,0,0,1,0,0
rejoicing,0,0,1,0,0
rekindle,0,1,1,0,0
relapse,0,1,0,1,0
relics,0,0,0,1,0
reluctant,0,1,0,0,0
remains,0,1,0,0,0
remand,1,0,0,0,0
remarkable,0,0,1,0,0
remedy,0,0,1,0,0
remiss,1,0,0,1,0
remorse,0,0,0,1,0
remove,1,1,0,1,0
renegade,1,0,0,0,0
renounce,1,0,0,0,0
renovation,0,0,1,0,0
repay,1,0,1,0,0
repellant,0,1,0,0,0
repellent,1,1,0,0,0
repent,0,1,0,0,0
repress,0,0,0,1,0
repression,0,1,0,0,0
reprimand,1,0,0,0,0
reprisal,1,1,0,1,0
reproach,1,0,0,1,0
reproductive,0,0,1,0,0
repudiation,1,0,0,0,0
repulsion,0,1,0,0,0
requiem,0,0,0,1,0
rescue,0,0,1,0,0
resection,0,1,0,0,0
resent,1,0,0,0,0
resentful,1,0,0,0,0
resentment,1,0,0,1,0
resign,1,1,0,1,0
resignation,0,0,0,1,0
resigned,0,0,0,1,0
resistance,1,0,0,0,0
resistant,0,1,0,0,0
resisting,1,1,0,1,0
resources,0,0,1,0,0
respect,0,0,1,0,0
respite,0,0,1,0,0
resplendent,0,0,1,0,0
restitution,1,0,0,0,0
restorative,0,0,1,0,0
restrain,1,1,0,0,0
restrained,0,1,0,0,0
restrict,0,0,0,1,0
restriction,1,1,0,1,0
retaliate,1,0,0,0,0
retaliation,1,1,0,0,0
retaliatory,1,0,0,0,0
retard,0,1,0,1,0
reticent,0,1,0,0,0
retirement,0,1,1,1,0
retract,1,0,0,0,0
retrenchment,0,1,0,0,0
retribution,1,1,0,1,0
revel,0,0,1,0,0
revels,0,0,1,0,0
revenge,1,1,0,0,0
revere,0,0,1,0,0
reverence,0,0,1,0,0
reverend,0,0,1,0,0
reverie,0,0,1,0,0
reversal,1,0,0,0,0
revival,0,0,1,0,0
revoke,1,1,0,1,0
revolt,1,0,0,0,0
revolting,1,1,0,0,0
revolution,1,1,0,1,0
revolver,1,1,0,1,0
revulsion,1,1,0,0,0
reward,0,0,1,0,0
rheumatism,1,1,0,1,0
rhythmical,0,0,1,0,0
ribbon,1,0,1,0,0
ridicule,1,0,0,1,0
ridiculous,1,0,0,0,0
rifle,1,1,0,0,0
rigor,0,1,0,0,0
ringer,1,0,0,0,0
riot,1,1,0,0,0
riotous,1,1,0,0,0
rising,0,0,1,0,0
risk,0,1,0,0,0
risky,0,1,0,0,0
rivalry,1,0,0,0,0
roadster,0,0,1,0,0
rob,1,1,0,1,0
robber,0,1,0,0,0
robbery,1,1,0,1,0
rocket,1,0,0,0,0
rod,0,1,0,0,0
rollicking,0,0,1,0,0
romance,0,1,1,1,0
romantic,0,0,1,0,0
romanticism,0,0,1,0,0
romp,0,0,1,0,0
rook,1,0,0,0,0
rot,0,1,0,1,0
row,1,0,0,0,0
rubble,0,1,0,1,0
rue,0,0,0,1,0
ruin,0,1,0,1,0
ruined,1,1,0,1,0
ruinous,1,1,0,1,0
rule,0,1,0,0,0
rumor,0,0,0,1,0
runaway,0,0,0,1,0
rupture,0,1,0,1,0
ruthless,1,1,0,0,0
saber,1,1,0,0,0
sabotage,1,1,0,1,0
sacrifices,0,1,0,1,0
sadly,0,0,0,1,0
sadness,0,0,0,1,0
safe,0,0,1,0,0
sag,0,1,0,0,0
saint,0,0,1,0,0
saintly,0,0,1,0,0
salary,0,0,1,0,0
saloon,1,0,0,0,0
salutary,0,0,1,0,0
salute,0,0,1,0,0
salvation,0,0,1,0,0
samurai,0,1,0,0,0
sanctification,0,0,1,0,0
sanctify,0,0,1,1,0
sanctuary,0,0,1,0,0
sap,0,0,0,1,0
sarcasm,1,0,0,1,0
sarcoma,0,1,0,1,0
satanic,1,0,0,0,0
satisfied,0,0,1,0,0
savage,1,1,0,0,0
savagery,1,1,0,0,0
save,0,0,1,0,0
savor,0,0,1,1,0
scaffold,0,1,0,0,0
scalpel,0,1,0,0,0
scandal,0,1,0,0,0
scandalous,1,0,0,0,0
scapegoat,1,1,0,0,0
scar,1,1,0,1,0
scarce,0,1,0,1,0
scarcely,0,0,0,1,0
scarcity,1,1,0,1,0
scare,1,1,0,0,0
scarecrow,0,1,0,0,0
schism,1,0,0,0,0
schizophrenia,1,1,0,1,0
scholarship,0,0,1,0,0
scoff,1,0,0,0,0
scold,1,1,0,1,0
scolding,1,0,0,0,0
scorching,1,0,0,0,0
score,0,0,1,0,0
scorn,1,0,0,0,0
scorpion,1,1,0,0,0
scoundrel,1,1,0,0,0
scourge,1,1,0,1,0
scrapie,1,1,0,1,0
scream,1,1,0,0,0
screaming,1,1,0,0,0
screech,0,1,0,0,0
screwed,1,0,0,0,0
secluded,0,0,0,1,0
seclusion,0,1,0,0,0
sectarian,1,1,0,0,0
sedition,1,0,0,1,0
segregate,1,0,0,1,0
seize,0,1,0,0,0
seizure,0,1,0,0,0
selfish,1,0,0,0,0
senile,0,1,0,1,0
sensational,0,0,1,0,0
senseless,1,1,0,1,0
sensual,0,0,1,0,0
sensuality,0,0,1,0,0
sensuous,0,0,1,0,0
sentence,1,1,0,1,0
separatist,1,0,0,0,0
sepsis,0,1,0,1,0
sequestration,0,0,0,1,0
serenity,0,0,1,0,0
seriousness,0,1,0,1,0
serpent,0,1,0,0,0
servile,0,1,0,1,0
setback,0,0,0,1,0
settlor,0,1,0,0,0
severance,0,0,0,1,0
sex,0,0,1,0,0
shack,0,0,0,1,0
shackle,1,1,0,1,0
shady,0,1,0,0,0
shaking,0,1,0,0,0
shaky,1,1,0,0,0
sham,1,0,0,0,0
shame,0,1,0,1,0
shameful,0,0,0,1,0
shanghai,0,1,0,0,0
shank,0,1,0,0,0
share,0,0,1,0,0
sharpen,1,0,0,0,0
shatter,1,1,0,1,0
shattered,0,0,0,1,0
shell,1,1,0,1,0
shining,0,0,1,0,0
shipwreck,0,1,0,1,0
shit,1,0,0,0,0
shiver,1,1,0,1,0
shock,1,1,0,0,0
shoddy,1,0,0,0,0
shoot,1,1,0,0,0
shooter,0,1,0,0,0
shooting,1,1,0,0,0
shoplifting,1,0,0,0,0
shopping,0,0,1,0,0
shortage,1,1,0,1,0
shot,1,1,0,1,0
shout,1,0,0,0,0
shove,1,0,0,0,0
shrapnel,0,1,0,0,0
shriek,1,1,0,1,0
shrill,1,1,0,0,0
shrink,0,1,0,1,0
shroud,0,0,0,1,0
shudder,0,1,0,0,0
shun,1,0,0,1,0
sick,0,0,0,1,0
sickening,1,1,0,1,0
sickly,0,0,0,1,0
sickness,0,1,0,1,0
silly,0,0,1,0,0
simmer,1,0,0,0,0
simplify,0,0,1,0,0
sin,1,1,0,1,0
sinful,1,1,0,1,0
sing,0,0,1,1,0
sinister,1,1,0,0,0
sinner,1,1,0,1,0
siren,0,1,0,0,0
sisterhood,1,0,0,1,0
sizzle,1,0,0,0,0
skewed,1,0,0,0,0
skid,1,1,0,1,0
skirmish,1,0,0,0,0
slam,1,1,0,0,0
slander,1,0,0,0,0
slap,1,0,0,0,0
slash,1,0,0,0,0
slaughter,1,1,0,1,0
slaughterhouse,1,1,0,1,0
slaughtering,1,1,0,1,0
slave,1,1,0,1,0
slavery,1,1,0,1,0
slay,1,0,0,0,0
slayer,1,1,0,1,0
sluggish,0,0,0,1,0
slump,0,0,0,1,0
slur,1,0,0,1,0
slut,1,0,0,0,0
sly,1,1,0,0,0
smack,1,0,0,0,0
smash,1,1,0,0,0
smell,1,0,0,0,0
smile,0,0,1,0,0
smiling,0,0,1,0,0
smite,1,1,0,1,0
smother,1,0,0,0,0
smuggle,0,1,0,0,0
smuggler,1,1,0,0,0
smut,0,1,0,0,0
snake,0,1,0,0,0
snare,0,1,0,0,0
snarl,1,0,0,0,0
snarling,1,0,0,0,0
sneak,1,1,0,0,0
sneaking,0,1,0,0,0
sneer,1,0,0,0,0
snort,0,0,0,1,0
sob,0,0,0,1,0
socialism,0,1,0,0,0
socialist,1,1,0,1,0
soldier,1,0,0,1,0
somber,0,0,0,1,0
sonnet,0,0,1,1,0
sonorous,0,0,1,0,0
soothing,0,0,1,0,0
sorcery,0,1,0,0,0
sordid,1,1,0,1,0
sore,1,0,0,1,0
sorely,0,0,0,1,0
soreness,0,0,0,1,0
sorrow,0,1,0,1,0
sorrowful,0,0,0,1,0
sortie,0,1,0,0,0
soulless,0,1,0,1,0
soulmate,0,1,0,0,0
soundness,0,0,1,0,0
spa,0,0,1,0,0
spaniel,0,0,1,0,0
spank,1,1,0,1,0
spanking,1,0,0,0,0
sparkle,0,0,1,0,0
spasm,0,1,0,0,0
spat,1,0,0,0,0
spear,1,1,0,0,0
special,0,0,1,0,0
specter,0,1,0,1,0
speculation,0,1,0,1,0
spider,0,1,0,0,0
spike,0,1,0,0,0
spine,1,0,0,0,0
spinster,0,1,0,1,0
spirits,0,0,1,0,0
spite,1,0,0,0,0
spiteful,1,0,0,0,0
splendid,0,0,1,0,0
splendor,0,0,1,0,0
splitting,0,0,0,1,0
spoiler,0,0,0,1,0
spook,0,1,0,0,0
spouse,0,0,1,0,0
sprain,0,0,0,1,0
sprite,0,1,0,0,0
spur,0,1,0,0,0
squall,0,1,0,1,0
squeamish,0,1,0,0,0
squelch,1,0,0,0,0
stab,1,1,0,1,0
stagnant,0,0,0,1,0
stalemate,1,0,0,0,0
stalk,0,1,0,0,0
standoff,1,1,0,0,0
standstill,1,0,0,0,0
star,0,0,1,0,0
starry,0,0,1,0,0
startle,0,1,0,0,0
starvation,0,1,0,1,0
steal,1,1,0,1,0
stealing,0,1,0,0,0
stealthy,0,1,0,0,0
sterile,0,0,0,1,0
sterling,1,0,1,0,0
stifled,1,1,0,1,0
stigma,1,1,0,1,0
stillborn,0,0,0,1,0
stillness,0,1,0,1,0
sting,1,1,0,0,0
stingy,1,1,0,1,0
stint,0,1,0,1,0
stolen,1,0,0,0,0
stone,1,0,0,0,0
storm,1,0,0,0,0
storming,1,0,0,0,0
stormy,0,1,0,0,0
strained,1,0,0,0,0
straits,0,1,0,0,0
stranger,0,1,0,0,0
strangle,1,1,0,1,0
strengthening,0,0,1,0,0
stretcher,0,1,0,1,0
stricken,0,0,0,1,0
strife,1,0,0,0,0
strike,1,0,0,0,0
strip,0,0,0,1,0
stripped,1,1,0,1,0
stroke,0,1,0,1,0
struggle,1,1,0,1,0
stunned,0,1,0,0,0
subjected,0,0,0,1,0
subjugation,1,1,0,1,0
sublimation,0,0,1,0,0
subordinate,0,1,0,0,0
subsidence,0,0,0,1,0
subsidy,1,0,0,0,0
subversion,1,1,0,0,0
subversive,1,0,0,0,0
subvert,0,1,0,1,0
succeed,0,0,1,0,0
succeeding,0,0,1,0,0
success,0,0,1,0,0
successful,0,0,1,0,0
sucker,1,0,0,0,0
sue,1,0,0,1,0
sufferer,0,1,0,1,0
suffering,0,1,0,1,0
suffocating,0,1,0,1,0
suffocation,1,1,0,0,0
suicidal,1,1,0,1,0
suicide,1,1,0,1,0
sullen,1,0,0,1,0
sultan,0,1,0,0,0
sun,0,0,1,0,0
sunk,0,1,0,1,0
sunny,0,0,1,0,0
sunshine,0,0,1,0,0
superman,0,0,1,0,0
superstar,0,0,1,0,0
superstition,0,1,0,0,0
superstitious,0,1,0,0,0
supporter,0,0,1,0,0
suppress,1,1,0,1,0
suppression,1,1,0,0,0
supremacy,1,1,1,0,0
surcharge,1,0,0,0,0
surgery,0,1,0,1,0
surly,1,0,0,0,0
surprise,0,1,1,0,0
surrender,0,1,0,1,0
surrendering,0,0,0,1,0
surveillance,0,1,0,0,0
suspect,0,1,0,0,0
suspense,0,1,0,0,0
suspension,0,1,0,0,0
suspicion,0,1,0,0,0
suspicious,1,0,0,0,0
swamp,0,1,0,0,0
swampy,0,1,0,0,0
swastika,1,1,0,0,0
sweat,0,1,0,0,0
sweet,0,0,1,0,0
sweetheart,0,0,1,1,0
sweets,0,0,1,0,0
swelling,0,1,0,0,0
swerve,0,1,0,0,0
swim,0,1,1,0,0
symmetry,0,0,1,0,0
sympathetic,0,1,1,1,0
sympathize,0,0,0,1,0
sympathy,0,0,0,1,0
symphony,0,0,1,0,0
synchronize,0,0,1,0,0
syncope,0,1,0,1,0
synonymous,0,1,0,0,0
syringe,0,1,0,0,0
taboo,0,1,0,0,0
tackle,1,0,0,0,0
tactics,0,1,0,0,0
taint,0,0,0,1,0
talons,1,1,0,0,0
tantalizing,0,0,1,0,0
tariff,1,0,0,0,0
tarnish,0,0,0,1,0
taunt,1,1,0,1,0
tax,0,0,0,1,0
teach,0,0,1,0,0
tearful,0,1,0,1,0
tease,1,0,0,1,0
teasing,1,1,0,0,0
tempest,1,1,0,1,0
tender,0,0,1,0,0
tenderness,0,0,1,0,0
tension,1,0,0,0,0
terminal,0,1,0,1,0
terminate,0,0,0,1,0
termination,0,0,0,1,0
terrible,1,1,0,1,0
terribly,0,0,0,1,0
terrific,0,0,0,1,0
terror,0,1,0,0,0
terrorism,1,1,0,1,0
terrorist,1,1,0,1,0
terrorize,1,1,0,1,0
thankful,0,0,1,0,0
thanksgiving,0,0,1,0,0
theft,1,1,0,1,0
theocratic,1,1,0,1,0
therapeutic,0,0,1,0,0
thief,1,1,0,1,0
thirst,0,0,0,1,0
thirteenth,0,1,0,0,0
thorny,0,1,0,0,0
thoughtless,1,0,0,0,0
thrash,1,1,0,1,0
threat,1,1,0,0,0
threaten,1,1,0,0,0
threatening,1,1,0,0,0
thresh,1,1,0,1,0
thrill,0,1,1,0,0
thrilling,0,0,1,0,0
thriving,0,0,1,0,0
throb,0,1,0,1,0
throttle,1,0,0,0,0
thug,1,1,0,0,0
thump,1,0,0,0,0
thumping,0,1,0,0,0
thundering,1,1,0,0,0
tickle,0,0,1,0,0
tiff,1,0,0,0,0
tighten,1,0,0,0,0
timid,0,1,0,1,0
timidity,0,1,0,0,0
tinsel,0,0,1,0,0
tirade,1,0,0,0,0
toast,0,0,1,0,0
tolerate,1,0,0,1,0
tomb,0,0,0,1,0
toothache,0,1,0,0,0
torment,1,1,0,1,0
tornado,0,1,0,0,0
torpedo,1,0,0,0,0
torrent,0,1,0,0,0
tortious,1,0,0,0,0
torture,1,1,0,1,0
touchy,1,0,0,1,0
tough,0,0,0,1,0
toughness,1,1,0,0,0
towering,0,1,0,0,0
toxin,0,1,0,0,0
tract,0,1,0,0,0
tragedy,0,1,0,1,0
traitor,1,1,0,1,0
tramp,0,1,0,1,0
tranquil,0,0,1,0,0
tranquility,0,0,1,0,0
transcendence,0,0,1,0,0
trash,0,0,0,1,0
traumatic,1,1,0,1,0
travesty,0,1,0,1,0
treacherous,1,1,0,0,0
treachery,1,1,0,1,0
treason,1,1,0,0,0
treasure,0,0,1,0,0
treat,1,1,1,1,0
tree,1,0,1,0,0
trembling,0,1,0,0,0
tremor,1,1,0,1,0
trepidation,0,1,0,0,0
trespass,1,0,0,0,0
tribulation,0,1,0,1,0
tribunal,0,1,0,0,0
trickery,1,1,0,1,0
tripping,1,0,0,1,0
triumph,0,0,1,0,0
triumphant,0,0,1,0,0
troll,1,1,0,0,0
trophy,0,0,1,0,0
troublesome,1,1,0,0,0
truce,0,0,1,0,0
TRUE,0,0,1,0,0
tumor,0,1,0,0,0
tumour,0,1,0,1,0
tumult,1,1,0,0,0
tumultuous,1,1,0,0,0
turbulence,1,1,0,0,0
turbulent,0,1,0,0,0
turmoil,1,1,0,1,0
tussle,1,0,0,0,0
twinkle,0,0,1,0,0
typhoon,0,1,0,0,0
tyrannical,1,1,0,0,0
tyranny,0,1,0,1,0
tyrant,1,1,0,1,0
ugliness,0,1,0,1,0
ulcer,1,1,0,1,0
ultimate,0,0,0,1,0
ultimatum,1,1,0,0,0
unable,0,0,0,1,0
unacceptable,0,0,0,1,0
unaccountable,0,0,0,1,0
unacknowledged,0,0,0,1,0
unattainable,1,0,0,1,0
unattractive,0,0,0,1,0
unbearable,0,0,0,1,0
unbeaten,0,0,1,1,0
unbridled,1,1,0,0,0
uncanny,0,1,0,0,0
uncaring,1,0,0,1,0
uncertain,1,1,0,0,0
unconstrained,0,0,1,0,0
uncontrollable,1,0,0,0,0
undecided,0,1,0,0,0
underpaid,1,0,0,1,0
undertaker,0,0,0,1,0
undesirable,1,1,0,1,0
undesired,0,0,0,1,0
undying,0,0,1,1,0
uneasiness,0,0,0,1,0
uneasy,0,1,0,0,0
uneducated,0,0,0,1,0
unemployed,0,1,0,1,0
unequal,1,1,0,1,0
unexpected,0,1,1,0,0
unexplained,0,0,0,1,0
unfair,1,0,0,1,0
unfairness,1,0,0,1,0
unfavorable,0,0,0,1,0
unforgiving,1,0,0,1,0
unfortunate,0,0,0,1,0
unfriendly,1,1,0,1,0
unfulfilled,1,0,0,1,0
ungodly,0,0,0,1,0
ungrateful,1,0,0,0,0
unhappiness,0,0,0,1,0
unhappy,1,0,0,1,0
unhealthy,0,1,0,1,0
unholy,0,1,0,0,0
unification,0,0,1,0,0
unimportant,0,0,0,1,0
uninspired,0,0,0,1,0
uninterested,0,0,0,1,0
uninteresting,0,0,0,1,0
uninvited,0,0,0,1,0
unjust,1,0,0,0,0
unjustifiable,1,1,0,0,0
unkind,1,1,0,1,0
unknown,0,1,0,0,0
unlawful,1,1,0,1,0
unlucky,1,1,0,1,0
unnatural,0,1,0,0,0
unpaid,1,0,0,1,0
unpleasant,0,0,0,1,0
unpopular,0,0,0,1,0
unpublished,0,0,0,1,0
unrequited,0,0,0,1,0
unrest,0,1,0,1,0
unruly,1,1,0,0,0
unsafe,0,1,0,0,0
unsatisfied,0,0,0,1,0
unseat,0,0,0,1,0
unsettled,1,1,0,0,0
unspeakable,0,1,0,0,0
unstable,0,1,0,0,0
unsteady,0,1,0,0,0
unsuccessful,0,0,0,1,0
unsurpassed,0,1,1,0,0
unsympathetic,1,0,0,0,0
unthinkable,1,1,0,0,0
untie,0,0,1,0,0
untitled,0,0,0,1,0
untoward,1,0,0,0,0
untrustworthy,1,0,0,0,0
unwelcome,0,0,0,1,0
unwell,0,0,0,1,0
upheaval,1,1,0,1,0
uphill,0,1,0,0,0
uplift,0,0,1,0,0
uprising,1,1,0,0,0
upset,1,0,0,1,0
urgency,0,1,0,0,0
urgent,0,1,0,0,0
urn,0,0,0,1,0
usurp,1,0,0,0,0
usurped,1,1,0,0,0
utopian,0,0,1,0,0
vacation,0,0,1,0,0
vainly,0,0,0,1,0
validity,0,1,0,0,0
vampire,1,1,0,0,0
vanished,0,1,0,1,0
varicella,0,1,0,1,0
veal,0,0,0,1,0
veer,0,1,0,0,0
vegetative,0,0,0,1,0
vehement,1,1,0,0,0
vendetta,1,1,0,1,0
venerable,0,0,1,0,0
vengeance,1,0,0,0,0
vengeful,1,1,0,0,0
venom,1,1,0,0,0
venomous,1,1,0,0,0
vent,1,0,0,0,0
veracity,0,0,1,0,0
verdict,0,1,0,0,0
verge,0,1,0,0,0
vermin,1,1,0,0,0
vernal,0,0,1,0,0
versus,1,0,0,0,0
vertigo,0,1,0,0,0
veto,1,0,0,0,0
vicious,1,0,0,0,0
victim,1,1,0,1,0
victimized,1,1,0,1,0
victor,0,0,1,0,0
victorious,0,0,1,0,0
victory,0,0,1,0,0
vigilant,0,1,0,0,0
villain,0,1,0,0,0
villainous,1,1,0,0,0
vindicate,1,0,0,0,0
vindication,0,0,1,0,0
vindictive,1,0,0,0,0
violation,1,1,0,1,0
violence,1,1,0,1,0
violent,1,1,0,0,0
violently,1,1,0,1,0
viper,0,1,0,0,0
virtuous,0,0,1,0,0
virulence,1,1,0,0,0
visionary,0,0,1,0,0
visitor,0,0,1,0,0
vitality,0,0,1,0,0
vivacious,0,0,1,0,0
vivid,0,0,1,0,0
volatility,1,1,0,0,0
volcano,0,1,0,0,0
volunteer,0,1,1,0,0
voluptuous,0,0,1,0,0
vote,1,0,1,1,0
vow,0,0,1,0,0
vulgarity,1,0,0,1,0
vulnerability,0,1,0,1,0
vulture,0,1,0,0,0
waffle,1,0,0,1,0
wages,0,0,1,0,0
wail,0,1,0,1,0
wallow,0,0,0,1,0
wan,0,1,0,1,0
wane,0,0,0,1,0
wanting,0,0,0,1,0
war,0,1,0,0,0
warden,1,1,0,0,0
ware,0,1,0,0,0
warfare,1,1,0,1,0
warlike,1,1,0,0,0
warlock,0,1,0,0,0
warn,0,1,0,0,0
warned,0,1,0,0,0
warning,0,1,0,0,0
warp,1,0,0,1,0
warrior,1,1,0,0,0
wary,0,1,0,0,0
wasted,1,0,0,0,0
wasteful,1,0,0,1,0
wasting,0,1,0,1,0
watch,0,1,0,0,0
waver,0,1,0,0,0
weakly,0,1,0,1,0
wealth,0,0,1,0,0
wearily,0,0,0,1,0
weariness,0,0,0,1,0
weary,0,0,0,1,0
weeds,0,0,0,1,0
weep,0,0,0,1,0
weeping,0,0,0,1,0
weight,0,1,1,1,0
weighty,0,1,0,0,0
weirdo,0,1,0,0,0
welcomed,0,0,1,0,0
wench,1,0,0,0,0
whim,0,0,1,0,0
whimper,0,1,0,1,0
whimsical,0,0,1,0,0
whine,0,0,0,1,0
whip,1,0,0,0,0
whirlpool,0,1,0,0,0
whirlwind,0,1,0,0,0
white,0,0,1,0,0
whiteness,0,0,1,0,0
wicked,0,1,0,0,0
widow,0,0,0,1,0
widower,0,0,0,1,0
wilderness,0,1,0,1,0
wildfire,0,1,0,1,0
willful,1,0,0,1,0
wimp,0,1,0,0,0
wimpy,1,1,0,1,0
wince,1,1,0,1,0
winner,0,0,1,0,0
winning,0,0,1,1,0
winnings,0,0,1,0,0
wireless,1,0,0,0,0
witch,1,1,0,0,0
witchcraft,1,1,0,1,0
withdraw,0,0,0,1,0
wither,0,0,0,1,0
withstand,0,1,0,0,0
witty,0,0,1,0,0
woe,0,1,0,1,0
woeful,0,0,0,1,0
woefully,0,0,0,1,0
wonderful,0,0,1,0,0
wonderfully,0,0,1,0,0
wop,1,0,0,0,0
words,1,0,0,0,0
worn,0,0,0,1,0
worried,0,0,0,1,0
worry,0,1,0,1,0
worrying,0,1,0,1,0
worse,0,1,0,1,0
worsening,0,0,0,1,0
worship,0,1,1,0,0
worthless,1,0,0,1,0
wound,1,1,0,1,0
wrangling,1,1,0,1,0
wrath,1,1,0,0,0
wreak,1,0,0,0,0
wreck,1,1,0,1,0
wrecked,1,1,0,1,0
wretch,1,0,0,1,0
wretched,0,0,0,1,0
wring,1,0,0,0,0
wrinkled,0,0,0,1,0
wrongdoing,1,0,0,1,0
wrongful,1,0,0,1,0
wrongly,1,1,0,1,0
xenophobia,0,1,0,0,0
yearning,0,0,1,0,0
yell,1,1,0,0,0
yelp,1,1,0,0,0
young,0,0,1,0,0
youth,1,1,1,0,0
zeal,0,0,1,0,0
zealous,0,0,1,0,0
zest,0,0,1,0,0